Zeitpunkt des Ereignisses;Ereignisort;Ereignisart;Streckennummer;Streckenkilometer;Kurzbeschreibung des Ereignisses
15.03.2006;Gremberg - Köln-Kalk Nord;Zusammenstoß;2324;64,9;Am 15.03.2006, um 06:14 Uhr, stieß der Güterzug IKE 51245 mit dem bereits auf der Strecke Gremberg – Köln Kalk Nord stehenden Güterzug FIR 50216 in Streckenkilometer 64,900 zusammen. Der Zug 51245 fuhr mit einer Geschwindigkeit von 34 km/h auf den gerade anfahrenden Zug 50216 auf. Darauf hin entgleisten insgesamt 11 Wagen des Zuges 51245 und gerieten zum Teil in Schräglage.
20.11.2006;Berlin-Südkreuz;Zusammenstoß;690;3,45;Am 20. November 2006 kam es um 10:23 Uhr auf dem S-Bahnhof Berlin-Südkreuz (Vorort) zu einem Zusammenstoß zwischen dem Zug S 25066 und dem Ultraschallschienenprüfzug Dsts(B) 96114.
26.04.2008;"Landrückentunnel";Aufprall;1733;251,325;Am 26.04.2008, um 21:06 Uhr prallte der ICE 885 auf der Fahrt von Hamburg nach München am Nordportal des Landrückentunnels in km 251,325 auf eine im Gleisbereich stehende Schafherde (ca. 20 – 30 Tiere). Das führende Fahrzeug des ICE 885 entgleiste mit der vorderen Achse des ersten Drehgestells und prallte auf die Flügelschiene der anschließenden Weiche 602.
23.01.2007;Elmshorn - Tornesch;Entgleisung;1220;25,2;Am 23.01.2007 verkehrte der Güterzug TEC 40013 von Dänemark kommend in Richtung Rang-gierbahnhof Maschen. Im Bereich des km 25,2 der Eisenbahnstrecke Kiel – Hamburg durchbrach der hintere der beide Stahlcoils den Container-Holzfußboden einschließlich der Bodenquerträger und fiel durch den Containertragwagen hindurch ins Gleisbett. Hierdurch kam es gegen 3:19 Uhr zu einer folgenschweren Entgleisung von insgesamt 12 Güterwagen.
16.04.2009;Berlin-Karow;Zusammenstoß;6081;11,277;Am 16.04.2009 kam es um ca. 22:17 Uhr auf dem Bahnhof Berlin-Karow im durchgehenden Hauptgleis (Gleis 2) zu einem Zusammenstoß zwischen dem in Richtung Berlin-Blankenburg durchfahrenden Zug RE 38399 und dem ebenfalls in Richtung Berlin-Blankenburg ausfahrenden Zug FTZ 53185.
07.08.2009;Nürnberg-Stein - Nürnberg Rbf;Entgleisung;5951;4,1;Am 07.08.2009 entgleiste der Güterzug FIR 51629, Laufweg Seelze – Nürnberg Rbf, auf der Strecke zwischen Nürnberg-Stein und Nürnberg Rangierbahnhof. Die Entgleisung des Güterzuges erfolgte aufgrund einer Spurerweiterung unter dem rollenden Rad.
24.07.2007;München-Lochhausen - Olching;Aufprall;5503;13,3;Am 24.07.2007 prallte die Zugfahrt IC 2298, auf der Fahrt zwischen München und Augsburg auf eine Altschiene im Regellichtraum des Betriebsgleises und entgleiste.
07.04.2010;Gelsenkirchen Horst Nord;Entgleisung;2246;7,27;Bei der Einfahrt nach Gleis 2 des Bahnhofs Gelsenkirchen-Horst Nord entgleisten am 07.04.2010, gegen 19:10 Uhr, die letzten beiden Wagen des Zuges 223422 im Bereich der Einfahrweiche 62 im km 7,27 der Strecke 2246, Gelsenkirchen Hugo Abzw – Oberhausen-Osterfeld Süd.
19.12.2007;Brannenburg - Raubling;Entgleisung;5702;10,826;Am Mittwoch, 19.12.2007, 23:18 Uhr, entgleiste der Güterzug DGS 45861 (Laufweg: Wolfurt (A) – Kufstein – Salzburg (A), Eisenbahnverkehrsunternehmen (EVU): Rail Cargo Austria) zwischen Brannenburg und Raubling (Strecke 5702, Kufstein - Rosenheim) in km 10,826 mit allen Wagen.
15.03.2010;Stuttgart-Untertürkheim;Entgleisung;4720;2,3;Der in den Bf. Stuttgart-Untertürkheim einfahrende Güterzug CFN 63051 entgleiste um ca. 20:50 Uhr im Bereich der Weiche 391. 
29.01.2011;Hordorf;Kollision;6404;42,7;Am 29.01.2011 kam es um ca. 22:28 Uhr in der Überleitstelle Hordorf zur frontalen Zugkollision zwischen dem Güterzug DGS 69192 und dem Reisezug DPN 80876.
20.01.2010;Braunschweig – Bad Harzburg;Kollision;1901;4,3;Am 20.01.2010 kollidierte um 7:37 Uhr die Regionalbahn 14955 auf der Strecke Braunschweig Hbf – Bad Harzburg, zwischen der Abzweigstelle Leiferde und Braunschweig Hbf, im km 4,3, mit einem im Gleis stehenden Lkw.
10.07.2010;Bielefeld Hbf;Störung;1700;109,5;Am 10.07.2010, auf der Fahrt des ICE 846/856 von Berlin nach Köln, kam es zum Ausfall der Klimaanlagen in mehreren Wagen. Aufgrund der hohen Außentemperaturen von bis zu 38ş C, dem Ausfall der Klimaanlagen in mehreren Wagen, der fehlenden Frischluftzufuhr in den letzten drei Wagen des hinteren Zugteils und einer Auslastung des Zuges von bis zu 200 % ab Hannover Hbf, kam es zu einem Hitzestau im Inneren der einzelnen Wagen.
13.04.2010;Marsberg - Messinghausen;Bahnübergangsunfall;2550;261,414;Am 13.04.2010, um 08:05 Uhr, prallte die Zugfahrt RE 29206 der DB Regio NRW GmbH, auf dem Weg von Warburg nach Hagen zwischen Marsberg und Bredelar auf dem BÜ „BÜ 83, Giershagener Straße“ in km 261,414 mit dem Anhänger (2-achsig, jeweils zwillingsbereift) eines mit zwei gefüllten Altpapiercontainern beladenen Last-zugs (Halter: Lobbe Entsorgung GmbH, Iserlohn) zusammen. Der Zug bestand aus einer durch einen Verbrennungstrieb-/ und Steuerwagen (VT/VS) gebildeten Einheit der Baureihe (BR) 628/928, wobei das führende Fahrzeug der VS 928 536-1 war.
27.06.2009;Köln-Lövenich - Horrem;Unregelmäßigkeit an Eisenbahnfahrzeugen;2600;13,8;Am 27.06.2009 um 20:25 Uhr kommt Regionalexpress (RE) 10132 aufgrund einer festen Bremse und hieraus resultierenden Rauchentwicklung im Fahrgastraum in km 13,8 zwischen Köln-Lövenich und Horrem auf der freien Strecke zum Stehen.
25.11.2008;Recklinghausen Ost;Einfahrt in besetzten Abschnitt;2250;32,3;Am 25.11.2008, um 01:50 Uhr, kam es im Bahnhof (Bf) Recklinghausen Ost, Gleis 34, in km 32,300, zu einer Zugkollision zwischen dem im Gleis stehenden Triebfahrzeug (Tfz) 811 und dem durchfahrenden Zug CS.
28.11.2010;Neustrelitz - Kratzeburg;Kollision;6325;100,163;Am Sonntag, 28.11.2010, um 02:52 Uhr, kollidierte im gesperrten und zum Baugleis erklärten Streckengleis die gezogene Rangierfahrt mit einer stehende Rangierfahrt.
26.07.2007;Wuppertal-Oberbarmen - Wuppertal Hbf;Aufprall;2550;117,8;Am 26.07.2007, um 02:35 Uhr, prallte die Zugfahrt FIR 51104 auf ein im Ferngleis stehendes Baugerüst.
07.08.2010;Geldern;Kollision;2610;83;Am 07.08.2010, gegen 05:10 Uhr, kollidierte der Bauzug 92744 der DB Fahrwegdienste GmbH im Bahnhof Geldern bei der Einfahrt nach Gleis 1 mit einer Gruppe dort abgestellter Triebwagen der NordWestBahn GmbH.
01.09.2010;Bacharach;Entgleisung;2630;138,7;Am 01.09.2010 entgleist gegen 18:29 Uhr CS 47925 (Laufweg: Neuss Gbf – Passau Grenze - Voestalpine) bei der Durchfahrt im Bf Bacharach, Gleis 1, mit dem in Fahrtrichtung nachlaufenden Drehgestell des zweiten Wagens nach links. Der in Doppeltraktion verkehrende CS 47925 setzt sich aus 40 mit Eisenerz beladenen Falns-Wagen zusammen. Der im Zugverband mitlaufende Wagen 81 80 6640 706-0 verliert am in Fahrtrichtung zweiten Drehgestell, zweiter Radsatz, in km 138,500 (Standort Signal B im Bf Bacharach) das linke Radsatzlager und entgleist in Folge in km 138,700. Das führende Fahrzeug des Güterzuges kommt in km 140,300 zum Stehen.
08.04.2011;Bad Endorf (Oberbay.) - Landl (Oberbay.);Entgleisung;5703;11,633;Am 08.04.2011, um 00:25 Uhr, entgleiste zwischen Bad Endorf (Oberbay) und Landl (Ober-bay) Abzw, etwa in km 11,633 in der Zugfahrt TEC 41810, der an 21. Position in den Wa-genzug eingestellte Tragwagen für Großcontainer und Wechselbehälter mit zwei Radsätzen in Fahrtrichtung nach links.
05.03.2010;Herlasgrün;Entgleisung;6362;101,97;Am 05.03.2010 gegen 21:07 Uhr entgleist der Güterzug FIR 51649 bei der Durchfahrt durch den Bahnhof Herlasgrün. Hierbei entgleist der an dritter Position in den Wagenzug eingestellte, mit Methanol beladene Kesselwagen.
17.08.2010;Lambrecht (Pfalz) - Neustadt (Weinstr) Hbf;Kollision;3280;71,828;Am Dienstag, 17.08.2010, um 10:06 Uhr, kollidierte der ICE-W 9556 zwischen Neustadt (Weinstr.) und Lambrecht (Pfalz) in km 71,828 mit einem von der Lambrechter Straße abgekommenen Müllentsorgungsfahrzeug (Lkw, > 7,5 t, 3-achsig, 3. Achse zwillingsbereift, Spurbreite 2,5 m).
01.11.2006;Obervellmar;Zusammenstoß;2550;337,9;Der Güterzug CFN 44983 (Laufweg: Castrop Rauxel Hbf – Linz Stahlwerke) kollidierte im Bahnhof (Bf) Obervellmar im Bereich der Kreuzung I mit einer aus dem Baugleis (Betra 6565) kommenden Rangierabteilung zusammen.
20.09.2011;Bad Lausick - Belgershain;Bahnübergangsunfall;6366;29,2;Nachdem ein Pkw vor dem eingeschalteten BÜ bereits hielt (Lichtzeichen blinkte, Schranken noch geöffnet) fuhr ein Transporter auf und schob den Pkw in den Gleisbereich. Die Schranken wurden für die Zugfahrt geschlossen. Der Zug RE 3736 (Chemnitz Hbf - Leipzig Hbf) prallte auf dem gesicherten Bahnübergang auf den Pkw.
12.11.2007;Schlüchtern;Aufprall;3600;75,2;Am 12.11.2007, um 13:23 Uhr, prallte die Zugfahrt ICE 75 (Laufweg: Hamburg – Zürich) bei der Durchfahrt im Bahnhof Schlüchtern, Gleis 204, etwa in km 75,2 auf eine von drei Personen. Die Gruppe führte in planmäßigen Zugpausen Schweißarbeiten an der Weiche W 227 aus.
28.02.2007;Rotenburg (Wümme);Entgleisung;2200;282,26;Am 28.02.2007 um 12:13 Uhr entgleiste der Güterzug FIR 51284 auf der Fahrt von Seelze nach Maschen Rbf bei der Durchfahrt im Bahnhof Rotenburg/Wümme, Gleis 2 mit dem 23. Wagen.
20.05.2011;Müllheim (Baden);Entgleisung;4000;237;TEC 43777 entgleist bei der Fahrt durch Gleis 12/2 im Bf Müllheim (Baden) mit sieben Wagen. 
17.04.2010;Montabaur - Limburg;Störung;2690;93,5;Der ICE 105, bestehend aus zwei Triebzügen (Tz) der Baureihe 406 und 403, verliert am 17.04.2010 gegen 11:31 Uhr bei der Begegnung mit dem ICE 612 im Dickheck Tunnel in km 93,262  das Türblatt 1R.
21.09.2011;Bleicherode Ost;Kollision;6343;;Am 21.09.2011 um 20:24 Uhr kam es im Bahnhof Bleicherode Ost (Nordthüringen) im Gleis 1 in km 115,502 zu einer Kollision (Auffahren in gleicher Richtung) der Zugfahrten DGS 95443 und DGS 91117. Der DGS 91117 erhielt Einfahrt in das Gleis 1, obwohl dieses noch durch den ausfahrenden Güterzug DGS 95443 besetzt war.
11.09.2011;Werlau - St. Goar;Kollision;2630;123;Am 11.09.2011 kollidierte IC 2313 (HamburgAltona – Stuttgart Hbf) auf der linksrheinischen Strecke 2630 Köln – Bingen, zwischen den Bahnhöfen Werlau und St. Goar in Kilometer 123,664 mit einem Murgang.
09.01.2013;Espelkamp - Lübbecke (Westf);Bahnübergangsunfall;2982;23,873;Am 09.01.2013 prallte gegen 17:14 Uhr in Espelkamp, OT Gestringen, am durch Posten gesicherten Bahnübergang (BÜ) in km 23,873 (Gestringer Straße) der VzG-Strecke 2982 die Regionalbahn DPN 90217 (EVU: KEOLIS Deutschland GmbH) auf der Fahrt von Rahden / Kr. Lübbecke nach Bielefeld mit einem Pkw zusammen.
11.02.2011;Gröbers - Großkugel;Entgleisung;6403;99,99;Am 11.02.2011 um 15:46 entgleiste der vorletzte Wagen des FIR 51380 mit zwei Radsätzen.
13.01.2012;Stedesand - Langenhorn;Kollision;1210;187,32;Am 13.01.2012 um 17:40 Uhr kollidierte der DPN 81817, trotz eingeleiteter Schnellbremsung, auf der Fahrt von Westerland nach Hamburg im km 188,300 zwischen Stedesand und Langenhorn mit einer Rinderherde.
08.04.2011;Hannover-Linden;Entgleisung;1750;21,25;Der Güterzug FZT 53820 der DB Schenker Rail Deutschland AG entgleiste am 8. April 2011 gegen 08:28 Uhr auf der Fahrt von Braunschweig Rbf nach Seelze Sob bei der Durchfahrt im Bahnhof Hannover Linden in einem Linksbogen in km 21,250 des Gleises 034 mit dem vorderen Drehgestell des Triebfahrzeugs.
16.06.2010;Peine;Entgleisung;1730;34,05;Am 16.06.2010, um 23:23 Uhr, entgleiste der 10. Wagen des Güterzuges DGS 93274 (Quedlinburg – Meppen) der Mittelweserbahn (MWB) in der Weiche 202 des Bahnhofs Peine. Infolge der Entgleisung wurde der 11. Wagen des mit Kies beladenen Ganzzuges in das Gegengleis gedrückt. Mehrere nachlaufende Wagen entgleisten ebenfalls. Gegen 23:24 Uhr fuhr der Regionalexpress RE-D 14019 (Rheine – Braunschweig Hbf), aus Richtung Hämelerwald kommend, in den Bahnhof Peine ein. Nur wenige Meter hinter dem Einfahrsignal kollidierte der Regionalexpress mit dem im Gleis befindlichen Wagen des Güterzuges.
26.07.2011;Berlin Ostbahnhof;Brandereignis;6153;0,1;Bei der Zugfahrt des RE 18150 Frankfurt (O) – Brandenburg Hbf am 26.07.2011 geriet um 15:36 Uhr das am Ende des Zuges fahrende Tfz mit der Nummer 9180 6 114 009-4 auf der Strecke 6153 Berlin Hbf - Guben (DB-Grenze) im Bf Berlin Ostbahnhof, km 0,100, in Brand.
26.07.2010;Falkenberg (Elster);Entgleisung;6207;148,3;Bei der signalgeführten Zugdurchfahrt im Bahnhof Falkenberg (Elster), unterer Bahnhof entgleiste der Güterzug DBV 88665 des EVU BBL Logistik GmbH Hannover am 26.07.2010 gegen 14:52 Uhr im Bereich der einfachen Kreuzungsweiche (EKW) 214. Der an vorletzter Stelle des Wagenzuges laufende leere Schüttgutwagen 23 84 6437 389-9 der Gattung Fccpps entgleiste dabei mit allen Radsätzen und stürzte in der Folge in der doppelten Kreuzungsweiche (DKW) 221 um, wodurch der baugleiche letzte Wagen 23 84 6437 395-6 ebenfalls mit beiden Radsätzen entgleiste und in Schräglage geriet. In der Folge kam es zwischen dem vorletzten Wagen und dem übrigen Wagenzug zur Zugtrennung.
21.08.2012;Berlin Tegel;Entgleisung;630;11,214;Am 21.08.2012 um 11:42 Uhr kam es auf der Strecke 630, Berlin-Schönholz – Tegel – Hennigsdorf, im Bahnhof Tegel in Richtung Henningsdorf zu einer Entgleisung der S-Bahn, S25068 der Linie 25/5. Dabei entgleisten die beiden in der Zugmitte befindlichen Wagen auf der Weiche 74 im Gleis 1 in km 11, 214.
04.07.2010;Augsburg Hbf;Entgleisung;5300;0,68;Am 04.07.2010 entgleist gegen 01:29 Uhr die Zugfahrt CS 49906 im Hbf Augsburg im Bereich der Zunge der spitz befahrenen Weiche 559 in km 0,68 mit einem an 10. Stelle fahrenden Kesselwagen.
05.09.2013;Bremen Hbf;Entgleisung;;240;Am 05.09.2013 gegen 05:51 Uhr, während der Einfahrt in den Bahnhof Bremen Hbf aus Richtung Bremen-Oberneuland, entgleiste auf der Weiche W11230 das führende Triebfahrzeug (Tfz) 146 506-1 und der erste Wagen (Wg. Nr.: 55 80 2675 220-1) des aus insgesamt fünf Doppel-stockreisezugwagen gebildeten Personenzuges DPN 81952 (Laufweg Rotenburg(Wümme) - Bremen Hbf) des Eisenbahnverkehrsunternehmens (EVU) Metronom Eisenbahngesell-schaft mbH.
22.06.2013;Bad Laasphe - Erndtebrück;Bahnübergangsunfall;2870;47,01;Am 22.06.2013 prallte gegen 9:28 Uhr die Regionalbahn (RB) 23156 der DB RegioNetz Verkehrs GmbH (Kurhessenbahn) auf der Fahrt von Marburg (Lahn) nach Erndtebrück auf dem technisch gesicherten Bahnübergang (BÜ) in km 47,010 mit einem Lkw zusammen.
19.12.2012;Düsseldorf-Rath - Düsseldorf-Eller;Bahnübergangsunfall;2324;27,764;Am 19.12.2012 gegen 20:14 Uhr prallte auf der Strecke 2324 (Duisburg-Wedau -Niederlahnstein) auf dem durch eine RBÜT-Anlage technisch gesicherten Bahnübergang (BÜ) „Am Hackenbruch“ in km 27,764 der Güterzug KT 41953 (Duisburg-Ruhrort Hafen – Wels(A)) der DB Schenker Rail AG mit einem unbesetzten Linienbus zusammen. Kurz darauf kollidierte der in der Gegenrichtung fahrende Güterzug EZ 45722 (Gremberg – Kijfhoek(NL)) der DB Schenker Rail AG ebenfalls mit dem Bus.
24.07.2012;Stuttgart Hbf;Entgleisung;4800;0,6;Am 24.07.2012 gegen 11:38 Uhr und am 29.09.2012 gegen 11:42 Uhr entgleisen bei der Ausfahrt aus Gleis 10 die IC 2312 in km 0,600. Die Fahrstraße der Züge führt jeweils über die Weichen 211, 218, 227, 228, 230 und 212. Beide IC verkehren mit insgesamt 11 Reisezugwagen, inklusive Steuerwagen (Bauart 296.1) und Bordrestaurantwagen (Gattung WRmz, Bauart 134.5) sowie einem schiebenden Triebfahrzeug der Baureihe 101. Am 24.07.2012 lief der Bordrestaurantwagen an 11. Stelle (letzter Wagen) und am 29.09.2012 an 9. Stelle des Wagenverbandes.
29.09.2012;Stuttgart Hbf;Entgleisung;4800;0,6;Am 24.07.2012 gegen 11:38 Uhr und am 29.09.2012 gegen 11:42 Uhr entgleisen bei der Ausfahrt aus Gleis 10 die IC 2312 in km 0,600. Die Fahrstraße der Züge führt jeweils über die Weichen 211, 218, 227, 228, 230 und 212. Beide IC verkehren mit insgesamt 11 Reisezugwagen, inklusive Steuerwagen (Bauart 296.1) und Bordrestaurantwagen (Gattung WRmz, Bauart 134.5) sowie einem schiebenden Triebfahrzeug der Baureihe 101. Am 24.07.2012 lief der Bordrestaurantwagen an 11. Stelle (letzter Wagen) und am 29.09.2012 an 9. Stelle des Wagenverbandes.
02.07.2013;Düsseldorf-Derendorf;Entgleisung;2410;40;"Am 02.07.2013 entgleisten gegen 17:24 Uhr im Bahnhof Düsseldorf-Derendorf vier Wagen des Zuges DGS 95740 (Düsseldorf-Derendorf – Oberhausen-Sterkrade; EVU: Bahnen der Stadt Monheim GmbH) während der Ausfahrt aus Gleis 12 in Richtung Abzweigstelle (Abzw) Düsseldorf-Rethel."
13.04.2012;Üst Mühlheim Ost - Hanau Hbf;Kollision;3600;18,4;Regionalbahn 15640 (Laufweg: Frankfurt/M Hbf – Wächtersbach) kollidiert im Fernbahngleis (Streckennummer: 3600) zwischen der Üst Mühlheim Ost und Hanau Hbf in km 18,420 mit einem Zweiwegefahrzeug. Zug 15640 schiebt das Zweiwegefahrzeug nach der Kollision ca. 405 m bis km 18,825 in Richtung Hanau. Der führende Steuerwagen des RB 15640 und das Zweigefahrzeug entgleisen.
26.07.2012;Hosena;Kollision;6207;;Der Güterzug DGS 49325 fuhr im Bahnhof Hosena dem nach Gleis 7 aus Schwarzbach einfahrenden Güterzug DGS 92505 im hinteren Teil des Wagenzuges in die Flanke.
13.05.2013;Berlin Hauptbahnhof;Entgleisung;6171;1,4;Bei der Ausfahrt aus dem Bahnhof Berlin Hauptbahnhof entgleiste der LPF 178 (DB Fernverkehr AG) am 13.05.2013 um ca. 11:30 Uhr bei der Befahrung der Weiche 102.
20.03.2014;Maschen Rbf;Entgleisung;1280;22,8;Am 20.03.2014 gegen 20:36 Uhr entgleiste der Zug DGV 93505 in Maschen Rbf während der Ausfahrt aus Gleis 2472 in Richtung Hamburg-Harburg mit dem ersten Wagen hinter dem Triebfahrzeug (Tfz) in einem Rechtsbogen.
26.10.2013;Gladbeck West;Kollision;2250;11,5;Zug DGS 89025 - Eisenbahnverkehrsunternehmen (EVU): Bahnen der Stadt Monheim GmbH - fuhr am 26.10.13 gegen 09:37 Uhr auf der Fahrt vom Chemiepark Marl nach Oberhausen West über Gladbeck West – Bottrop am Halt zeigenden Ausfahrsignal (Asig) 50P2 im Gleis 2 des Bahnhofs Gladbeck West vorbei. Im Bereich der Weiche 3 kollidierte der Zug dann mit den letzten 6 Wagen des aus der Gegenrichtung einfahrenden Zuges XP 63174 - EVU: RBH Logistics GmbH.
14.02.2013;Vahr (Abzw) - Bremen Hbf;Entgleisung;1401;2,5;Am 14.02.2013 gegen 12:29 Uhr entgleiste während der Fahrt zwischen der Abzweigstelle (Abzw) Vahr und Bremen Hbf ca. in Streckenkilometer 2,55 der an der 16. Stelle des Wagenzuges laufende leere Doppelstock-Autotransportwagen (Hccrrs) des aus insgesamt 20 Wagen gebildeten Güterzuges DGS 90156 (Laufweg: Cuxhaven Gbf -Bremen Rbf) des Eisenbahnverkehrsunternehmens (EVU) BLP Wiebe Logistik GmbH.
25.03.2010;Üst Voerde - Dinslaken;Entgleisung;2270;15,6;Am 25.03.2010 entgleiste gegen 21:53 Uhr der 13. Wagen des Güterzuges CIL 48741 (Eisenbahnverkehrsunternehmen (EVU): DB Schenker Rail Deutschland AG) auf der Fahrt von Rotterdam-Maasvlakte (Niederlande) nach Dillingen im km 15,600 der Strecke 2270, Oberhausen Hbf – Emmerich – Staatsgrenze – Arnheim, zwischen den Betriebsstellen Überleitstelle (Üst) Voerde und Dinslaken. Im weiteren Verlauf gleiste sich der Wagen im Bf Dinslaken selbsttätig wieder ein. Bei der späteren Einfahrt in den Bf Oberhausen West entgleiste das Fahrzeug dann ein zweites Mal.
21.01.2012;Langenselbold - Hailer-Meerholz;Entgleisung;3600;36;Am 21.01.2012 um 16:15 Uhr entgleist der 6. Wagen und der 7. Wagen mit jeweils 2 Radsätzen des Güterzuges Kt 41969 zwischen den Betriebsstellen Langenselbold und Hailer-Meerholz in km 35,985. Vom 6. Wagen des Zugverbandes fällt in km 41,2 ein Container in den Gleisbereich. Der Zug kommt in km 42,0 zum Halten.
28.02.2014;Forchheim Trubbachbrücke Abzw - Ebermannstadt;Bahnübergangsunfall;5113;12,401;Am 28.02.2014 gegen 18:54 Uhr befuhr die Zugfahrt DPN 87085 des Eisenbahnverkehrsunternehmens (EVU) agilis Verkehrsgesellschaft mbH & Co. KG, auf der Fahrt von Forchheim nach Ebermannstadt, zwischen der Abzweigstelle (Abzw) Trubbachbrücke und dem Bahnhof (Bf) Ebermannstadt, den gemäß Eisenbahn-Bau- und Betriebsordnung (EBO) § 11 Abs. 6 Nummer 1 (Blinklichter ohne Halbschranken) gesicherten Bahnübergang (BÜ) „Pretzfeld“ in km 12,401 und prallte auf diesem mit einem Pkw zusammen.
02.07.2014;Hagen Gbf;Entgleisung;2811;142,3;Am 02.07.2014 kam es um ca.22:15 Uhr zu einer Zugentgleisung von Zug KT 50017 im Bf Hagen Gbf, VzG 2811/2823, auf der Fahrt von Bf Wuppertal-Langerfeld nach Bf Landshut/Bayern. Wegen der Aufnahme eines Triebfahrzeugführers im Rahmen einer Gastfahrt wurde der Zug abweichend durch Hagen Gbf geleitet. Bei der Ausfahrt aus Gleis 216 in Richtung Abzweig Hengstey entgleisten auf der Weiche 446 das Tfz 152 147-5 des Eisenbahnverkehrsunternehmens (EVU) DB Schenker Rail AG mit beiden Drehgestellen sowie der nachfolgende Wagen (Wg-Nr. 3180 4953 116-9) mit einem Drehgestell.
15.05.2014;Iversheim - Arloff;Bahnübergangsunfall;2634;10,59;Am 15.05.2014 gegen 17:04 Uhr befuhr der Zug Regionalbahn RB 11671 (Tz 95 80 062 8 497-9) des  eisenbahnverkehrsunternehmens (EVU) DB Regio AG die Strecke Bf Bad Münstereifel nach Bf Euskirchen (VZG 2634). Auf einem nichttechnisch gesicherten Bahnübergang (Ü+P) Streckenkilometer 10,590 kam es zum Zusammenprall zwischen dem RB 11671 und einem PKW.
04.06.2014;Kamen - Üst Nordbögge;Brandereignis;2650;137,8;Am 04.06.2014 gegen 23:10 Uhr blieb der Regionalexpress (RE) 10637 des Eisenbahnverkehrsunternehmens (EVU) DB Regio AG auf dem Laufweg Düsseldorf Abstellbahnhof ? Hamm(Westf.) Pbf, zwischen Kamen und der Überleitstelle (Üst) Nordbögge, aufgrund eines Kabelbrandes am Triebfahrzeug (Tfz) etwa in Streckenkilometer 137,800 liegen.
01.08.2014;Mannheim Hbf;Kollision;4000;;Am 01.08.2014 um 20:51 Uhr kollidiert DGS 40635 im Bf Mannheim Hbf in km 0,467 (VZG- Strecke 4000) mit EC 216. Die Flankenfahrt ereignet sich, nachdem DGS 40635 am haltzeigenden Zwischensignal S 183 vorbeifährt und in der Weichenverbindung 154/155 mit dem nach Gleis 2 einfahrenden Reisezug zusammenstößt. Durch die Kollision kippen zwei mit Personen besetzte Reisezugwagen um. Mehrere Fahrzeuge des EC 216 sowie das Triebfahrzeug und 2 Containertragwagen des Güterzuges entgleisen.
02.12.2014;Witten Hbf - Witten-Annen Nord;Bahnübergangsunfall;2801;18,324;Am 02.12.2014 kam es auf dem, durch Bahnübergangsposten (BÜP) und Hilfsposten (HP) gesicherten, Bahnübergang (BÜ) „Pferdebachstraße“ in km 18,324 zwischen den Betriebsstellen Witten Hbf und Witten Annen Nord auf der Strecke 2801 zu einem Zusammenprall zwischen einem S-Bahnzug der Linie 5 (S 30801) und einem PKW.
17.07.2009;Bruchmühlen - Bünde;Entgleisung;2992;101,7;Am 17.07.2009 um ca. 00:20 Uhr kam es auf der Strecke VzG 2992 Rheine - Löhne (Westf.) zwischen den Betriebsstellen Bf Bruchmühlen - Bf Bünde in km 101,700 zu einer Zugentgleisung. Zug CS 61084 war gebildet aus dem elektrischen Triebfahrzeug BR 155 040-9 des EVU DB Schenker Rail AG und 22 beladenen Kesselwagen der Gattung Zas. Der mit Gefahrgut (UN 1202) beladene Kesselwagen (Fzgnr. 30 80 7957 300-6) befand sich an 16. Stelle des Wagenzuges und entgleiste mit dem führenden Drehgestell. Es kam zu keinem Austritt von Gefahrgut. Halter des Kesselwagens war die Firma GATX Rail Germany GmbH.
10.07.2014;Köln-Kalk Nord;Entgleisung;2666;1,1;Am 10.07.2014 gegen 01:02 Uhr entgleiste bei Zug EK 52102 (EVU DB Schenker Rail Deutschland AG) von Gremberg kommend nach Einfahrt in den Bf Köln-Kalk Nord auf Weiche 631 der zweite Wagen mit beiden Achsen des hinteren Drehgestells und der dritte Wagen mit der ersten Achse des ersten Drehgestells.
29.10.2014;Hagen-Vorhalle;Entgleisung;2400;72,2;Am 29.10.2014 entgleiste Wagen Rmms 31 80 3961 499-1 in der automatischen Zugbildungsanlage des Rangierbahnhofs Hagen-Vorlage. Der Wagen war für Zug EZ 52201 von Bf Hagen-Vorlage nach Bf Kreuztal vorgesehen. Die Entgleisung blieb während der weiteren Arbeitsabläufe im Rahmen der Zugbildung unentdeckt.
30.10.2014;Dahlbruch;Entgleisung;2870;5,651;Am 30.10.2014 kam es gegen 07:15 Uhr zum zweispurigen Lauf des fünften Wagens des Güterzuges EK 54514 (Laufweg: von Erndtebrück Eisenwerk 2 nach Kreuztal Krs) des EVU Siegener Kreisbahn GmbH auf der Weiche 17 des Bahnhofs Dahlbruch.
04.10.2011;Frellstedt;Entgleisung;1900;31,965;Am 04.10.2011 entgleiste gegen 08:11 Uhr der Güterzug DBV 91048 des EVU Lappwaldbahn GmbH auf der Fahrt vom Bf Helmstedt nach Bf Varel (Oldb), während der Durchfahrt im Gleis 202 des Bahnhofs Frellstedt, zwischen den Weichen 223 und 222, mit 11 beladenen Eanos Wagen.
25.06.2012;Eilendorf Hp - Aachen-Rothe Erde;Brandereignis;2600;66;Am 25.06.2012 gegen 10:30 Uhr ereignete sich während der Fahrt der Regionalbahn (RB) 11958 zwischen den Bahnhöfen Stolberg(Rheinl.) Hbf und Aachen-Rothe Erde ein Fahrzeugbrand.
01.12.2012;Hannover Hbf;Entgleisung;1733;1,5;Am 01.12.2012 entgleiste gegen 02:31 Uhr der an 21. Stelle laufende Wagen des Güterzuges EZ 51648 (EVU: DB Schenker Rail AG) auf der Fahrt von Nürnberg Rbf nach Seelze Rbf im Gleis 43 (km 1,500 der Strecke 1733) im Bahnhof Hannover Hbf.
05.09.2013;Saalfeld (Saale);Kollision;6383;140,4;Am 05.09.2013 kam es um 11.16 Uhr im Bahnhof Saalfeld (Saale) auf der Weiche 2554, zu einer Kollision zwischen dem IC 2208 und einer Rangierfahrt (Erfurter Bahn).
19.01.2014;Obernjesa;Entgleisung;3600;237;Am 19.01.2014 entgleiste gegen 02:53 Uhr im Gleis 2 des Bahnhofs Obernjesa (Strecke 3600) der 13. Wagen des Güterzuges GB 49152 (Eisenbahnverkehrsunternehmen (EVU): DB Schenker Rail AG) auf der Fahrt von Bludenz (A) nach Seelze Rbf.
21.04.2015;Goslar;Entgleisung;1932;12,78;Am 21.04.2015 entgleiste gegen 21:36 Uhr im Bahnhof Goslar der letzte Wagen des Zuges EK 53928 (EVU: DB Schenker Rail AG) während der Ausfahrt aus Gleis 4 im Bereich der Weiche 9.
10.06.2015;Cham/Oberpf - Bad Kötzting;Bahnübergangsunfall;5811;5,564;Am 10.06.2015 gegen 12:55 Uhr befuhr die Zugfahrt DPN 74181 des Eisenbahnverkehrsunternehmens (EVU) Regental Bahnbetriebsgesellschaft mbH, auf der Fahrt von Cham/Oberpfalz nach Bad Kötzting und dann weiter nach Lam, zwischen den Bahnhöfen (Bf) Cham/Oberpfalz und Bad Kötzting, den nach Eisenbahn-Bau- und Betriebsordnung (EBO) § 11 Abs. 7 Nr. 2 (Sicherung auf eingleisiger Nebenbahn durch Übersicht in Verbindung mit hörbaren Signalen der Eisenbahnfahrzeuge, bei mäßigem Straßenverkehr) gesicherten Bahnübergang (BÜ) in km 5,564 und prallte auf diesem mit einem Kleintransporter zusammen.
31.01.2015;Feucht;Personenunfall;5850;88;Am 31.01.2015 gegen 19:41 Uhr schleifte die Zugfahrt S 39661 (lokbespannt) des Eisenbahnverkehrsunternehmen (EVU) DB Regio AG, Region Bayern (S-Bahn), auf der Fahrt von Nürnberg nach Altdorf (b. Nürnberg) (VZG 5850) im Bf Feucht Gleis 4 (Abfahrt 19:41 Uhr) eine männliche Person mit, nach dem diese Person in der Tür vermutlich mit der Hand oder Finger eingeklemmt war. Die männliche Person geriet zwischen Bahnsteigkante und Zug.
25.04.2015;Wilhelmshaven;Brandereignis;1522;51,85;Am 25.04.2015 kam es um 08:35 Uhr auf der VzG-Strecke 1522 am Zug 82305 zu einem Fahrzeugbrand. Zwischen den Betriebsstellen Bahnhof Rastede und Bahnhof Wilhelmshaven kam es zu starker Rauchentwicklung an der geführten Zugeinheit. Der Triebzug bestand aus zwei Einheiten der BR 648 (führend 9580 0648 087-4, geführt 9580 0648 084-1) des Eisenbahnverkehrsunternehmen (EVU) NordWestBahn. Nach Ankunft im Bahnhof Wilhelmshaven wurde der gesamte Zug geräumt und durch den Tf auf den Bahnübergang Luisenstraße rangiert. Dort wurde der mittlerweile entstandene Brand durch die örtliche Feuerwehr bekämpft.
28.06.2014;Angern-Rogätz;Kollision;6402;28,4;Im Bahnhof Angern-Rogätz kam es durch den von der Strecke in den Bahnhof zurückrollenden Zug DGS 90968 zur Kollision mit dem im Gleis 1 stehenden Zug DGS 95620.
07.05.2014;Olching;Kollision;5543;18,66;Am 07.05.2014 gegen 04:20 Uhr kollidierte die Leerzugfahrt Lt 38982 des EVU DB Regio AG (S-Bahn München) auf der Fahrt vom S-Bahn-Betriebsbahnhof München-Steinhausen nach Maisach im Bf Olching, Gleis 2, in km 18,4 mit dem Ausleger eines Zweiwegebaggers. Zum Zeitpunkt des Ereignisses war die Betra F 720 927 14 in Kraft.
11.04.2014;Forchheim (Oberfranken);Entgleisung;5900;37,855;Am 11.04.2014 gegen 20:29 Uhr entgleiste die Zugfahrt S 39198 auf der spitz befahrenen Weiche 7 des Bahnhofs (Bf) Forchheim.
19.04.2015;Oldenburg (Oldb) Hbf;Entgleisung;1500;0,72;Am 19.04.2015 gegen 23:16 Uhr entgleiste im Bahnhof Oldenburg (Oldb) Hbf die Zugfahrt DPN 83387 der Nordwestbahn GmbH (NWB) während der Ausfahrt in Richtung Bremen Hbf auf der Weiche 164a/b.
13.12.2012;Löhne (Westf);Entgleisung;2990;82,8;Am 13.12.2012 entgleiste der Güterzug EZ 51229 (Eisenbahnverkehrsunternehmen (EVU) DB Schenker Rail) gegen 12:30 Uhr auf dem Weg von Gremberg Gnf nach Seelze Rbf West auf der Strecke 2990 mit einem an 22. Stelle laufenden unbeladenen Laaers-Wagen im Gleis 8 des Bf Löhne (Westf) in km 85,35. Die Zugspitze kam etwa in km 82,2 zum Stehen.
18.06.2015;Halle (Saale) Hbf;Kollision;6132;161,647;Eine aus einem Rangiertriebfahrzeug und zwei schadhaften Triebfahrzeugen der Baureihe 143 bestehende Rangierfahrt, sollte von Gleis 35 in den Stellwerksbezirk Hp 5 fahren. Die Rangierfahrt bekam die Benachrichtigung in das Gleis 2w zu fahren, wo die RB 26269 zur Abfahrt bereitstand. Die Rangierfahrt kam trotz Einleitung der Bremsung nicht zum ste-hen und kollidierte mit der Regionalbahn. Die Regionalbahn wurde um ca. 16 Meter ver-schoben.
09.10.2015;Offenburg - Gengenbach;Entgleisung;4250;8,6;Am 09.10.2015 um 12:10 Uhr überpufferte bei der Ausfahrt aus dem Bf Gengenbach (Strecke 4250) der erste Wagen des IRE 4270 in der Weichenverbindung W802/W801. Der Zug kam in km 7,800 zum Halten. Das Regelgleis war zur Beseitigung eines Schienenfehlers zum Ereigniszeitpunkt gesperrt. Ab Gengenbach erfolgte die Fahrt im Gegengleis.
20.11.2015;Emden Rbf;Kollision;1570;0,783;Am 20.11.2015 gegen 13:44 Uhr kollidierte Zug GA 52835 (EVU: DB Schenker Rail AG) auf der Fahrt von Emden Hbf VW-Werk nach Fallersleben, während der Einfahrt nach Gleis 144 des Bahnhofs Emden, Bahnhofsteil Emden Rbf, mit einem dort abgestelltem Tfz 294 761 (EVU: DB Schenker Rail AG).
09.06.2013;Kaub - Lorch (Rhein) Üst;Entgleisung;3507;76,95;Am 09.06.2013 um 5:21 Uhr entgleist DGS 90636 zwischen den Betriebsstellen Kaub und Lorch (Rhein) Üst mit dem am Schluss des Zuges laufenden Autotransportwagen 23-88 4371 080-3 in km 76,950. Im Verlauf der Weiterfahrt des Zuges entgleist in Folge auch der vorletzte Autotransportwagen 23 88 4371 098-5. Nachdem der Triebfahrzeugführer einen Nothaltauftrag (Kreissignal) im Bf Rüdesheim (Rh.) erhalten hat, kommt der Zug in km 65,300 im Gleis 2 des Bf Rüdesheim (Rh.) zum Halten.
25.07.2015;Himmelsthür (Abzw) - Hildesheim Hbf;Kollision;1770;43,2;Am 25.07.2015 um ca. 19:11 Uhr kam es auf der VzG-Strecke 1770 des EVU DB Netz AG zwischen Himmelsthür (Abzw) und Hildesheim Hbf zu einer Zugkollision. In km 43,200 prallte Zug DPN 83719 des EVU Erixx GmbH auf einen von der Oberleitung herabhängenden Ast.
13.11.2014;Dillingen (Saar);Kollision;3212;19,7;RB 13765 (Niedaltdorf - Dillingen) kollidiert bei der Einfahrt nach Gleis 1 des Bf Dillingen (Saar) auf der Weiche 78 in km 19,834 mit einem Bauzug, bestehend aus einem Zweiwegefahrzeug und einem Güterwagen. Zum Zeitpunkt des Ereignisses ist die Betriebsund Bauanweisung Betra Nr. F 632186 in Kraft.
24.02.2016;Hameln;Störung;1760;52,394;Am 24.02.2016 kam es gegen 14:31 Uhr und gegen 16:43 Uhr im Gleis 103 des Bahnhofs Hameln je zur gegenseitigen Gefährdung der Regionalzüge DPN 82971 und DPN 82968, sowie DPN 82975 und DPN 82972 (alle Züge gehören zum EVU: Nordwestbahn GmbH (NWB)).
12.09.2015;Kirn - Bad Sobernheim;Bahnübergangsunfall;3511;43,119;Am 12.09.2015 um 06:05 Uhr kollidiert DPN 29503 auf dem Laufweg von Saarbrücken Hbf nach Frankfurt (Main) Hbf auf dem technisch gesicherten Bahnübergang in km 43,119 der Strecke Bingen (Rh.) – Saarbrücken (VZG 3511) am Hp Monzingen mit einem Pkw.
02.09.2014;Schweinsberg Anst. - Kirchhain;Bahnübergangsunfall;3950;18,103;Auf der Strecke Kirchhain - Nieder Ofleiden kollidierte die Rangierlok, als Sperrfahrt aus 55327 (Laufweg: Kirchhain - Nieder Ofleiden) auf dem durch Pfeifen gemäß § 7 (EBO) nichttechnisch gesicherten Bahnübergang (BÜ) in Kirchhain im km 18,103 (Vzg 3950), mit einem Traktor.
02.12.2014;Borna (b Leipzig);Entgleisung;6385;;Bei der Einfahrt auf das Signal Zs 1 entgleisten drei Wagen des DGS 99659 in der Weiche 56.
01.02.2017;Gruiten;Störung;2731;104,2;Am 01.02.2017 gegen 22:54 Uhr fuhr ICE 1522 des Eisenbahnverkehrsunternehmens (EVU) DB Fernverkehr AG in das durch Zug DPN 32490 des EVU National Express Rail GmbH besetzte Gleis 507 des Bf Gruiten ein.
15.04.2015;Karlsruhe Gbf;Kollision;4213;0,78;"Am 15.04.2015 um 18:34 Uhr kollidiert DGS 43014 (Gallarate – Ludwigshafen BASF Ubf) der SBB Cargo GmbH bei der Einfahrt nach Gleis 104 im Bf Karlsruhe Gbf in der Weiche 41W809; km 0,780 mit einer aus Gleis 103 abgelaufenen Wagengruppe. Die abgelaufene Wagengruppe besteht aus fünf beladenen und einem leeren Kesselwagen mit Gefahrgut. Der an der Spitze dieser Wagengruppe befindliche leere Wagen 33-80 7933 032-4 stößt mit den vier am Schluss laufenden Wagen des DGS 43014 zusammen. Es kommt nicht zu einer Entgleisung."
11.11.2013;Hosena;Kollision;6207;;Am 11.11.2013 gegen 18:26 Uhr kam es im Bahnhof Hosena im Gleis 4 zu einer Kollision (Auffahren in gleicher Richtung) der Zugfahrten DGS 90981 und GM 61649. Der GM 61649 erhielt Einfahrt in das Gleis 4, obwohl dieses noch mit dem DGS 90981 besetzt war.
16.11.2015;Rbf Wustermark;Kollision;6103;2,567;Am 16.11.2015 kollidiert um 17:01 Uhr im Bahnhof Wustermark Rbf beim Rangieren des Triebfahrzeugs 9180 6186 423-0 dieses mit dem Triebzug ET 445 109 (DPN 79473) im Gleis 58 auf der Weiche 220.
05.11.2015;Vilseck - Freihung;Bahnübergangsunfall;5060;27,132;Am 05.11.2015 gegen 22:00 Uhr kollidiert auf dem Bahnübergang bei Freihungsand in Strecken- km 27,132 der eingleisigen Bahnstrecke Neukirchen - Weiden (Strecke 5060) der aus dem Triebwagen 612 060-3 / 612 560-2 gebildete RE 3535 mit einem liegengebliebenen Tieflade-Sattelzug.
23.02.2016;Pinneberg - Hamburg-Eidelstedt;Störung;1220;14,5;Am 23.02.2016 gegen 15:44 Uhr wurde dem Zug RE 21073 in der Betriebsstelle Pinneberg auf der Strecke Pinneberg - Hamburg-Eidelstedt (DB-Streckennr.: 1220) die Zustimmung zur Ausfahrt durch Ersatzsignalbedienung (Zs1) in den besetzten Blockabschnitt in Richtung Hamburg erteilt. Dieser kam ca. 150 Meter vor dem letzten Wagen der vorausfahrenden Zugfahrt DPN 83825 entfernt zum Stehen.
13.03.2017;Meppen;Personenunfall;2931;259;Am 13.03.2017 gegen 09:51 Uhr ereignete sich während der Fahrt des DPN 90275 auf dem Laufweg von Emden Hbf nach Münster (Westf.) Hbf im Bahnhof Meppen der Strecke 2931 (Hamm Pbf - Münster Hbf - Rheine - Emden Rbf) ein Personenunfall am bewegten Eisenbahnfahrzeug. Ein Mitarbeiter des Eisenbahn-Infrastrukturunternehmens (EIU) DB Netz AG wurde während der Ausführung von Weicheninspektionsarbeiten an der Weiche 1 vom oben genannten Zug erfasst, zwei weitere Mitarbeiter konnten sich rechtzeitig in Sicherheit bringen.
28.10.2016;Köln Eifeltor;Kollision;2640;6,5;Am 28.10.2016 um ca. 06:04 Uhr kam es bei der Einfahrt des Zuges KT 43258 in den Bahnhof (Bf) Köln-Eifeltor zu einer Zugkollision. Zug KT 43258 war auf dem Weg von München Ost nach Köln-Eifeltor und sollte in das Gleis 163 der südlichen Einfahrgruppe einfahren. Die Zugfahrt wurde durch das EVU DB Cargo AG durchgeführt. Die Kollision ereignete sich auf der Weiche 407 mit einem nicht grenzzeichenfrei stehenden Triebfahrzeug (Tfz).
11.09.2015;Duisburg-Wedau - Lintorf (Bz. Düsseldorf);Entgleisung;2324;10,2;Am 11.09.2015 kam es um ca. 22:20 Uhr auf der VzG-Strecke 2324 des Eisenbahninfrastrukturunternehmens (EIU) DB Netz AG zwischen dem Bf Duisburg-Wedau und dem Bf Lintorf zu einer Zugentgleisung. In km 10,200 entgleiste der dritte Wagen von Zug EZ 52075 des Eisenbahnverkehrsunternehmen (EVU) DB Schenker Rail AG mit der in Fahrtrichtung (FR) ersten Achse. Da die Zugentgleisung zunächst unentdeckt blieb, konnte der Zug nach der Entgleisung noch eine Strecke von ca. 2800 m zurücklegen.
30.06.2017;Leese-Stolzenau;Kollision;1741;21,02;Am 30.06.17 gegen 14:45 Uhr kollidierte Zug DGS 42597 (EVU: Lineas Group N.V./S.A. (Belgien)) bei der Einfahrt nach Gleis 1 des Bf. Leese-Stolzenau mit dem in diesem Gleis stehenden DGS 42757
20.03.2016;Neufahrn (Niederbay) - Eggmühl;Kollision;5500;100,7;Am 20.03.2016 gegen 08:07 Uhr kollidiert der in Fahrtrichtung Neufahrn (MNFR) – Eggmühl (MEGM) auf dem Streckengleis MNFR-MEGM fahrende Personenzug DPN 84102 der Län-derbahn GmbH in km 100,7 mit dem führenden Triebfahrzeugs den rechten Flankenpflug einer im Nachbargleis arbeitenden Schotterplaniermaschine.
17.11.2015;Schleswig;Kollision;1040;138,6;Am 17.11.2015 kollidierte bei der Ausfahrt aus Gleis 803 des Bahnhofs Schleswig der RE-D 69552 (Hamburg Altona-Flensburg) mit einer gleisgebundenen Baumaschine (Schnellschotterplaniermaschine – SSP) in der Weiche 816. Zu diesem Zeitpunkt fanden Arbeiten gemäß Betriebs-und Bauanweisung (Betra) Nr. F 240867 im Bahnhof Schleswig statt. Betroffen waren davon auch das Gleis 801, zwischen den Weichen 801 und 816. Dieser Bereich war entsprechend der Betra zum Baugleis erklärt worden.
15.05.2017;Neustadt a Rübenberge - Hagen (Han);Bahnübergangsunfall;1740;36,244;Am 15.05.2017 kam es um ca.10:46 Uhr auf der Strecke 1740 des Eisenbahninfrastrukturunternehmens (EIU) DB Netz AG zwischen den Betriebsstellen Neustadt am Rübenberge (a. Rbge.) und Hagen (Han) zu einem Bahnübergangsunfall. In km 36,244 am Haltepunkt Eilvese wurde ein Lkw bei dem Befahren des Bahnüberganges (BÜ) von RE-D 4412 erfasst. Zum Zeitpunkt des Ereignisses war die vorhandene technische Sicherung (EBÜT) wegen Bauarbeiten abgeschaltet. Der BÜ wurde durch einen Bahnübergangsposten (BÜP) unter Zuhilfenahme des technischen Hilfsmittel TH BÜP gesichert.
04.05.2015;Eilenburg;Entgleisung;6825;19,9;Bei der Zugfahrt des DGS 95495, vom Bahnhof Eilenburg Gleis 6 über Gleis 3 in den Streckenanschluss Lüptitz, entgleiste die hintere Achse des 11. Wagens auf der Weiche 114.
07.04.2015;Eschhofen;Entgleisung;3610;66;Am 07.04.2015 gegen 11:23 Uhr entgleist der RB 15423 bei der Ausfahrt aus dem Bf Eschhofen mit dem nachlaufenden Drehgestell des Tfz in der Weiche 611. Der Zug kommt etwa in km 66,2 zum Stehen.
20.02.2018;Cuxhaven;Kollision;1720;271,94;Am 20.02.2018 gegen 21:00 Uhr kollidierte im Bahnhof Cuxhaven, auf der Weiche 16, der aus Richtung Bremerhaven kommende Güterzug DGS 59750 (EVU: Rail Cargo Carrier-PCT GmbH) bei der Einfahrt nach Gleis 28 mit einem in Gleis 27, über das Grenzzeichen der Weiche hinaus, stehenden Triebfahrzeug (Tfz) (EVU: DB Cargo AG).
18.09.2014;Neuwied;Brandereignis;2324;135,8;Am 18.09.2014 wird der KT 51315 (Gremberg – Mannheim Rbf) im Bf Neuwied wegen eines Brandes des 36. Wagens 23 87 436 228-9 gestellt.
25.05.2014;Neumünster;Kollision;1042;0;Am 25.05.2014 kam es zu einer Zugkollision des DPN 81869 mit LST-Anlagen im Bahnhof Neumünster. Um ca. 16:25 Uhr wurde im Bahnhof Neumünster am Personenzug durch einen Mitarbeiter der DB Netz AG, eine starke Rauchentwicklung am letzten Radsatz festgestellt und gemeldet. Bei einer anschließenden Untersuchung wurde auf Grund eines Radsatzlagerschadens ein Radsatzwellenbruch am Dieseltriebwagen durch den Triebfahrzeugführer festgestellt.
09.02.2016;Bad Aibling - Kolbermoor;Kollision;5622;30,29;Am 09.02.2016 kollidierten gegen 06:47 Uhr auf der Bahnstrecke Holzkirchen–Rosenheim (Streckennummer 5622) zwischen den Bahnhöfen (Bf) Bad Aibling und Kolbermoor die beiden Züge DPN 79505 und DPN 79506 der Bayerischen Oberlandbahn (BOB) etwa in Streckenkilometer 30,29.
16.05.2015;Einsiedlerhof;Entgleisung;3280;36,68;Am 16.05.2015 gegen 09:16 Uhr entgleist der EZ 51904 in km 38,680 bei der Fahrt von Mannheim Rbf nach Saarbrücken Rbf im Bahnhof (Bf) Einsiedlerhof. Aufgrund eines Radlagerschadens am dem zweiachsigen Güterwagen 2180 2469 010-7 kommt es in Folge zum Bruch des Wellenschenkels an der in Fahrtrichtung nachlaufenden Achse.
01.05.2017;Dortmund Hbf;Entgleisung;2158;163,69;Am 01.05.2017 entgleiste um ca. 18:46 Uhr der Zug ICE 945 des Eisenbahnverkehrsunternehmens (EVU) DB Fernverkehr AG bei der Einfahrt nach Gleis 8 des Bahnhofs (Bf) Dortmund Hauptbahnhof (Hbf) im Bereich der Doppelten Kreuzungsweiche (DKW) 36. Der aus einem Triebkopf (TK), sechs Mittelwagen (MW) und einem Steuerwagen (SW) bestehende Zug mit der unternehmensinternen Bezeichnung „Tz 229“ entgleiste mit den letzten beiden Wagen.
28.09.2014;Laurenburg (Lahn);Brandereignis;3710;67,275;Am 28.09.2014 gegen 18:18 Uhr wurde der Zug DPN 25582 (Limburg (Lahn) – Koblenz Hbf) in Laurenburg (Lahn) (VzG-Strecke 3710 Wetzlar – Koblenz Hbf) mit dem Triebwagen VT 251 (Fahrzeugregisternummer 95 80 0648151-8) der Vectus Verkehrsgesellschaft mbH aufgrund Rauchentwicklung am ersten Drehgestell gestellt. Bei näherer Untersuchung der Rauchentwicklung wurden Flammen unter dem Fahrzeug festgestellt und mit Handfeuerlöscher gelöscht.
17.07.2017;Hohenlimburg;Bahnübergangsunfall;2800;17,335;Am 17.07.2017 gegen 21:15 Uhr fuhr der Zug DGV 93590 des Eisenbahnverkehrsunternehmens (EVU) DIE-LEI GmbH im Gleis 043 des Bahnhofs (Bf) Hohenlimburg mit zwei voneinander getrennten Zugteilen ab. Im weiteren Verlauf der Fahrt entfernten sich die beiden Zugteile, des aus dem Wagenzug, einer Zug- und einer nachschiebenden Lokomotive bestehenden Zuges, zunehmend. Auf dem Bahnübergang (BÜ) „Oeger Straße“ in km 17,335 prallte dann der hintere Zugteil noch innerhalb des Bahnhofs mit einem Pkw zusammen. Wenig später kollidierte der hintere Zugteil mit dem im Gleis 1 des Bf Hohenlimburg zwischenzeitlich zum Stillstand gekommenen vorderen Zugteil des DGV 93590.
13.02.2018;Duisburg-Wedau;Entgleisung;2324;7,922;Am 13.02.2018 gegen 19:15 Uhr entgleiste bei der Durchfahrt des Güterzuges EZ 68115 des Eisenbahnverkehrsunternehmens (EVU) DB Cargo AG durch Gleis 24 im Bf Duisburg-Wedau der an letzter Stelle laufende Wagen mit beiden Achsen.
29.06.2013;Kayhauserfeld -Oldenburg Hbf;Entgleisung;1520;6,4;Am 29.06.2013 gegen 0:47 Uhr entgleiste ein Wagen des DGS 83799 des Eisenbahnver-kehrsunternehmens (EVU) „Eisenbahngesellschaft Ostfriesland – Oldenburg mbH (e.g.o.o.)“ während der Fahrt von Abelitz nach Magdeburg-Rothensee, auf der Strecke 1520 in km 6,452, zwischen Kayhauserfeld und Oldenburg, kurz hinter dem Bahnübergang (BÜ) „Förs-terweg“.
08.08.2014;Burgstall (Murr);Entgleisung;4931;4,866;"Am 08.08.2014 entgleist der am Schluss laufende Wagen des EZ 51298 gegen 00:18 Uhr im Bahnhof (Bf) Burgstall; Gleis 1 in km 4,866 bei einer Geschwindigkeit von ca. 79 km/h. Aufgrund einer Hauptschalterauslösung auf dem Triebfahrzeug des EZ 51298 bringt der Tf den Zug in km 7,650 vor dem Einfahrsignal Kirchberg zum Halten. Der entgleiste Wagen wird bis zum Halt des Zuges mitgezogen. Es kommt zu keiner Zwangsbremsung."
17.02.2017;Frankfurt/M-Griesheim;Kollision;3621;4,365;Am 17.02.2017 gegen 01:39 Uhr kollidiert LPFT-T 78730 (Lw: Frankfurt/Main Hbf – Frankfurt/M-Griesheim) bei der Einfahrt nach Gleis 207 im Bahnhof (Bf) Frankfurt/M-Griesheim mit dem Gleisabschluss. Der Zug entgleist mit drei Achsen und kommt auf dem Bahnsteig zum Stehen.
18.09.2017;Augsburg Hbf;Kollision;5300;0,79;Am 18.09.2017 gegen 12:49 Uhr kollidiert im Bahnhof Augsburg Hbf die nach Augsburg Hbf einfahrende Regionalbahn 86523 der Bayerischen Regiobahn (BRB) auf der Weiche 659 mit einer Rangierfahrt.
30.11.2017;Bremen Hbf;Entgleisung;1500;44,6;Am 30.11.2017 entgleiste gegen 01:16 Uhr der 42. Wagen des Güterzuges DGS 88963 im Gleis 1 des Bahnhofs Bremen Hbf. Der Zug befand sich auf dem Weg von Wilhelmshaven Ölweiche nach Minden (Westfalen). Das transportierende Eisenbahnverkehrsunternehmen (EVU) war die Haevy Haul Power International GmbH (HHPI) aus Erfurt. Der DGS 88963 hatte ausschließlich Wagen der Gattung Falns eingestellt.
25.02.2019;Moers Gbf;Entgleisung;2330;7,3;Am 25.02.2019 gegen 07:32 Uhr entgleisten die ersten drei Wagen des Güterzuges DGS 52760 (EVU: Hafen Krefeld GmbH & Co KG) während der Einfahrt in den Bahnhof Moers Gbf.
22.05.2018;Reiskirchen - Großen-Buseck;Bahnübergangsunfall;3700;11,138;Am 22.05.2018 um ca. 08:31 Uhr prallte DPN-G 24796 (Laufweg: Grünberg (Oberhessen) – Gießen) auf dem technisch gesicherten Bahnübergang (BÜ) Großen-Buseck in km 11,138 der Strecke Gießen -Fulda mit einem Lkw zusammen.
30.07.2018;Groß-Rohrheim;Entgleisung;4010;31,3;Am 30.07.20118 gegen 05:11 Uhr entgleiste bei der Einfahrt in das Gleis 303 des Bahnhofs (Bf) Groß-Rohrheim in der Weiche 303 der Zug RE 4550 (Laufweg: Mannheim Hbf – Frankfurt/M). Die Zugfahrt erfolgte ab dem Einfahrsignal (Esig) A 328 auf Befehl.
18.12.2016;Basel Bad Rbf;Kollision;4413;1,6;Am 18.12.2016 um 14:03 Uhr kollidierte DGS 43615 (Laufweg: Freiburg Gbf -Novara) bei der Einfahrt nach Gleis A 53 im Bf Basel Bad Rangierbahnhof (Rbf) auf der Weiche (W) 104 mit einem nicht grenzzeichenfrei stehenden Kesselwagen aus Zug EZ 45023.
27.04.2018;Freiburg (Breisgau) Gbf;Entgleisung;4312;4,264;Am 27.04.2018 gegen 05:53 Uhr entgleiste während der Einfahrt nach Gleis 2 des Bahnhofs (Bf) Freiburg (Breisgau) Güterbahnhof (Gbf) der Zug DGS 43638 (Laufweg: Novara – Freiburg Gbf) in Höhe der Einfahrweiche 67 mit drei Wagen.
29.06.2015;Hoppegarten (Mark);Entgleisung;6006;17;Am 29.06.2015 gegen 21:46 Uhr entgleiste im Bahnhof Hoppegarten auf der S-Bahnstrecke Berlin Ostbahnhof – Strausberg Nord in Höhe der Weiche 49 (km 16,950) Zug S 5130 mit allen Drehgestellen der letzten drei Wagen.
25.01.2016;Remscheid Hbf;Bahnübergangsunfall;2675;17,056;Am 25.01.2016 prallte die Zugfahrt DPN 90127 des Eisenbahnverkehrsunternehmens (EVU) Abellio Rail NRW GmbH gegen 18:05 Uhr im Bahnhof Remscheid auf dem Bahnübergang (BÜ) „Blumentalstraße“, im km 17,056, mit einem Pkw zusammen.
12.10.2018;Üst Willroth - Montabaur;Fahrzeugbrand;2690;62;Am 12.10.2018 um ca. 06:21 Uhr wurde ICE 511 auf der Fahrt von Köln Hbf nach München Hbf zwischen den Betriebsstellen Überleitstelle (Üst) Willroth und Montabaur auf der Strecke 2690 aufgrund eines Fahrzeugbrandes angehalten. Der aus dem führenden Triebzug (Tz) 351 und dem geführten Tz 326 gebildete ICE 511 war am vorletzten Wagen des hinteren Tz in Brand geraten.
07.04.2008;Hohenlimburg - Letmathe;Personenunfall;2800;18,7;Am 07.04.2008 prallte gegen 04:10 Uhr die Zugfahrt 98520 des Eisenbahnverkehrsunterneh-mens (EVU) DB Netz AG, auf der Fahrt von Letmathe nach Dortmund-Kley, zwischen Letmathe und Hohenlimburg, auf eine Gruppe im Gleis arbeitender Mitarbeiter einer Gleisbaufirma.
05.04.2019;Emden Rbf;Zugkollision;;0,96;Am 05.04.2019 gegen 11:24 Uhr kollidierte der Güterzug EZ 50783 der DB Cargo AG bei der Abfahrt aus Gleis 145 des Bahnhofs Emden Rangierbahnhof (Rbf) mit einem im Stumpfgleis 179 stehenden Triebfahrzeug (Tfz) der DB Cargo AG.
05.11.2008;Dillenburg;Zugkollision;;126,5;Am 05.11.2008 gegen 00:21 Uhr kollidierte der nach Gleis 131 in den Bf Dillenburg einfah-rende Güterzug CR 64218 auf der Weiche (W) 434 mit den letzten Wagen des im Gleis 132 stehenden Güterzugs CSQ 60046.
13.04.2019;Düsseldorf Abstellbahnhof;Zugkollision;;1,1;Am 13.04.2019 gegen ca. 13:23 Uhr kollidierte der Leerreisezug RE-D 5106 während der Ausfahrt aus dem Bahnhof (Bf) Düsseldorf Abstellbahnhof in Richtung Düsseldorf Hbf, auf der Weiche 17, mit dem zur gleichen Zeit ausfahrenden Zug DLr 92365.
22.07.2016;Plochingen;Zugkollision;;0,5;Am 22.07.2016 gegen 07:49 Uhr kollidierte bei der Ausfahrt aus Gleis 10 des Bf Plochingen der Regionalexpress (RE) 22011 (Stuttgart Hbf – Tübingen Hbf) seitlich mit einer in der Weichenverbindung 64W90/64W91 nicht grenzzeichenfrei stehenden Rangierfahrt (Rf).
07.05.2018;Aichach;Zugkollision;;41,705;Am 07.05.2018 gegen 21:17 Uhr kollidierte im Bahnhof (Bf) Aichach der einfahrende Nahverkehrszug DPN 86696 der Bayerischen Regiobahn GmbH (BRB) mit dem im Gleis 2 wartenden Güterzug DGS 98907 der K-Rail GmbH.
04.10.2018;Neuss Gbf;Zugentgleisung;;2,65;Am 04.10.2018 gegen 13:55 Uhr entgleiste der letzte Wagen des Güterzuges GB 47182 bei der Einfahrt nach Gleis 114 auf der Weiche 74 des Güterbahnhofs (Gbf) Neuss und kollidierte anschließend mit einer in Gleis 113 abgestellten Wagengruppe aus Zug 42030.
05.01.2013;Recklinghausen Ost;Zugentgleisung;2222;4,75;Am 05.01.2013 gegen 16:32 Uhr entgleisten der sechste und siebte Wagen des DGS 95748 während der Einfahrt nach Gleis 2001 des Bahnhofs Recklinghausen Ost. Erste Entglei-sungsspuren wurden im Bereich kurz hinter einer Brücke etwa in km 4,75 gefunden. Der Zug war aus 25 leeren Kesselwagen gebildet und auf dem Weg von Neuss Gbf nach Bad Schandau Ost.
13.08.2019;Wanne Eickel Gbf;Zugkollision;;24,1;Am 13.08.2019 gegen 17:10 Uhr kollidierte Zug DPN?G 89399 des Eisenbahnverkehrsunternehmens (EVU) Abellio Rail NRW GmbH bei der Ausfahrt aus dem Bahnhof Wanne-Eickel Hauptbahnhof (Hbf) in Richtung Bochum Hbf beim Befahren der Weiche 641 mit dem letzten Wagen des Güterzuges GS 60762 des EVU DB Cargo AG.
14.11.2017;Mühlacker;Zugentgleisung;;47,619;Am 14.11.2017 gegen 13:25 Uhr entgleiste der Zug DPN?L 85229 auf dem Weg von Bremen nach Mühlacker während der Einfahrt in den Bahnhof Mühlacker auf der Weiche (W) 91.
21.05.2014;Oberasbach – Anwanden;Bahnübergangsunfall;5902;9,406;Am 21.05.2014 gegen 11:36 Uhr prallte Zug T 63511 als Triebfahrzeugleerfahrt auf der Fahrt von Nürnberg Rbf nach Ansbach auf dem technisch gesicherten Bahnübergang (BÜ) zwischen den Haltepunkten (Hp) Oberasbach und Anwanden in km 9,406 mit einem Lastkrafwagen (Lkw) zusammen.
22.11.2008;Nienberge - Altenberge;Zugentgleisung;2014;12,2;Am 22.11.2008 entgleiste um 03:54 Uhr die Sperrfahrt 92628, bestehend aus einem Zweiwegebagger und einem geschobenen zweiachsigen Materialwagen, auf der freien Strecke zwischen dem Haltepunkt Nienberge (heute Münster-Häger) und Altenberge.
18.07.2019;München Ost Rbf;Zugkollision;;;Am 18.07.2019 gegen 00:34 Uhr kollidierte der Güterzug GA 47120 auf der Fahrt von Györ nach Ingolstadt Nord im Bahnhof (Bf) München Ost Rbf auf der Weiche 307 mit der in Gleis 9 nicht profilfrei stehenden Lokomotive des Güterzuges DGS 43133.
16.09.2015;Buxtehude - Horneburg;Bahnübergangsunfall;1720;195,136;Am 16.09.2015 gegen 07:43 Uhr prallte der Nahverkehrszug DPN 83467 des Eisenbahnverkehrsunternehmens (EVU) Metronom Eisenbahngesellscha?? mbH auf dem Laufweg Hamburg Hbf - Cuxhaven zwischen den Betriebsstellen Buxtehude und Horneburg auf dem technisch gesicherten Bahnübergang (BÜ) mit einem Gelenkbus zusammen.
25.07.2012;Winterhausen;Zugentgleisung;;126,6;Am 25.07.2012 gegen 09:15 Uhr entgleiste DGS 43101 auf der Fahrt von Wanne-Eickel nach Verona Quadrante Europa im Bahnhof (Bf) Winterhausen im Gleis 404 etwa in km 126,62 mit dem führenden Drehgestell des zehnten Wagens.
24.10.2019;Storzingen - Inzigkofen;Störung am Fahrzeug;4630;80,45;Am 24.10.2019 gegen 14:41 Uhr rollte zwischen den Betriebsstellen Storzingen und Inzigkofen die mit Reisenden besetzte vordere Triebwageneinheit des IRE 3257 führerlos ca. 470 m durch den Hönbergtunnel und weiter in Richtung Sigmaringen.
06.02.2013;Hamburg-Bergedorf - Aumühle;Zugkollision;6100;266,8;Am 06.02.2013 gegen 09:56 Uhr kollidierte der IC 2182 auf dem Laufweg von Hannover Hbf nach Stralsund Hbf zwischen Hamburg-Bergedorf und Aumühle etwa in Streckenkilometer 266,8 mit einem im Gleis befindlichen Rollwagen.
06.08.2019;Bad Friedrichshall Hbf;Zugentgleisung;;58;Am 06.08.2019 gegen 23:13 Uhr entgleiste der Zug DPN-L 85890 während der Fahrt von Heilbronn nach Mosbach (Baden) im Bf Bad Friedrichshall Hbf auf der Weiche 116 mit ei-nem Drehgestell.
23.01.2020;Horb;Zugentgleisung;;80,95;Am 23.01.2020 gegen 20:00 Uhr entgleiste der Intercity (IC) 2382 der DB Fernverkehr AG auf der Fahrt von Konstanz nach Stuttgart bei der Einfahrt in den Bahnhof (Bf) Horb auf der Weiche 65 mit dem zweiten und dritten Wagen. 
26.05.2010;Rheydt Gbf;Zugentgleisung;;11,55;Am 26.05.2010 gegen 15:20 Uhr entgleiste Zug CFN 47595 auf dem Weg von Aachen West nach Dortmund-Obereving im Bahnhofsteil (Bft) Rheydt Gbf in km 11,55.
02.03.2013;Hannover-Linden;Zugentgleisung;;21,6;Am 02.03.2013 gegen 01:37 Uhr entgleisten zwei Wagen des Güterzuges KT 50528 auf dem Weg von Bebra nach Hamburg in der Weiche 13 im Bahnhof (Bf) Hannover-Linden.
25.11.2014;Bad Oldesloe - Bargteheide;Bahnübergangsunfall;1120;28,15;Am 25.11.2014 gegen 18:29 Uhr prallte der RE-D 21429 auf der Fahrt von Lübeck-Trav Strand nach Hamburg Hbf zwischen Bad Oldesloe und Bargteheide auf dem Bahnübergang (BÜ) km 28,153 mit einem PKW zusammen.
16.04.2012;Bebra;Zugentgleisung;;2,69;Am 16.04.2012 gegen 21:23 Uhr entgleiste der Güterzug DGS 75731 auf der Fahrt von Bremen Rbf nach Regensburg Ost im Bahnhof (Bf) Bebra in km 2,69 mit den letzten fünf von insgesamt 22 Autotransportwagen.
07.03.2015;Neustadt (Aisch) - Bad Windsheim;Bahnübergangsunfall;5914;9,29;Am 07.03.2015 gegen 21:52 Uhr prallte der Zug RB 58690 auf der Fahrt von Neu-stadt (Aisch) nach Bad Windsheim auf dem nicht technisch gesicherten Bahnübergang (BÜ) in Ipsheim im km 9,290 mit einem Personenkraftwagen (Pkw) zusammen.
02.08.2015;Tapfheim - Blindheim;Zugentgleisung;5381;65,9;Am 02.08.2015 gegen 05:06 Uhr engleiste die Zugfahrt DGS 61970 auf der Fahrt von Nürnberg Ost nach Tübingen Gbf zwischen den Bahnhöfen (Bf) Tapfheim und Blindheim etwa in km 65,9.
29.06.2015;Hoppegarten (Mark);Zugentgleisung;;16,95;Am 29.06.2015 gegen 21:46 Uhr entgleiste im Bahnhof Hoppegarten auf der S-Bahnstrecke Berlin Ostbahnhof – Strausberg Nord in Höhe der Weiche 49 (km 16,950) Zug S 5130 mit allen Drehgestellen der letzten drei Wagen. 
10.05.2013;Frankfurt (Main) Süd;Zugentgleisung;;0,28;Am 10.05.2013 gegen 20:05 Uhr entgleiste die Zugfahrt Lr 73543 der DB Regio AG auf dem Weg von Aschaffenburg nach Frankfurt (Main) Hbf im Bahnhof Frankfurt (Main) Süd im Gleis 510 mit dem dritten und vierten Wagen.
12.09.2015;Hoffenheim - Reilsheim;Störung;4114 u. 4110;2,8;Am 12.09.2015 zwischen 13:26 Uhr und 13:33 Uhr durchfuhr die Regionalbahn (RB) 38538 auf dem Weg von Sinsheim nach Heidelberg zwischen den Betriebsstellen Hoffenheim und Reilsheim mehrere Verkehrshaltestationen, auf denen ein fahrplanmäßiger Halt vorgesehen war, ohne Halt. Die Betätigung mehrerer Notbremsen durch Reisende im Zug blieb wirkungslos.
09.07.2018;Schwaigen - Landau an der Isar;Bahnübergangsunfall;5634;43,149;Am 09.07.2018 gegen 09:48 Uhr prallte der Personenzug RE 4062 auf der Fahrt von München Hbf nach Passau Hbf zwischen den Bahnhöfen (Bf) Schwaigen und Landau an der Isar auf dem Bahnübergang (BÜ) in km 43,149 mit einem Kleintransporter zusammen. Dieser befuhr den BÜ bei erloschenen Straßensignalen und geöffneten Halbschranken.
07.05.2020;Ffm-Höchst - Ffm Mainzer Landstraße ;Bahnübergangsunfall;3603;6,984;Am 07.05.2020 gegen 20:01 Uhr kollidierte DPN-G 24762 zwischen den Betriebsstellen Ffm-Höchst und Ffm Mainzer Landstraße in km 6,984 am BÜ Oeserstraße/Posten 10 mit einer Fußgängerin, einem Radfahrer und einen Personenkraftwagen (Pkw). Die Schranken hatten sich unmittelbar vor dem herannahenden Zug geöffnet.
02.04.2020;Müllheim (Baden) – Schliengen;Zugkollision;4000;240,15;Am 02.04.2020 gegen 19:28 Uhr kollidierte der Zug DGS 43635 der SBB Cargo Deutschland GmbH während der Fahrt von Freiburg Gbf nach Novara Boschetto (Italien) nach dem Haltepunkt (Hp) Auggen ca. in km 240,15 mit einem etwa 140 Tonnen schweren herabgestürzten Brückenteil.
19.05.2017;Papiermühle (Kr Stadtroda) – Stadtroda;Zugkollision;6307;40,8;Am 19.05.2017 gegen 19:23 Uhr kollidierte der Regionalexpress (RE) 3666 der DB Regio AG auf dem Weg von Glauchau (Sachsen) nach Göttingen zwischen den Betriebsstellen Papiermühle (Kr Stadtroda) und Stadtroda mit Geröll in den Gleisanlagen.
25.02.2020;Weil am Rhein;Zugkollision;;268,054;Am 25.02.2020 gegen 10:58 Uhr kollidierte das nach einer Zugtrennung führerlos rollende zweite Triebfahrzeug (Tfz) der Triebfahrzeugfahrt (Tfzf) 99276 im Bahnhof Weil am Rhein mit einer Baugleissperre im Gleis 8.
24.08.2019;Köln Bonntor – Köln Süd;Zugentgleisung;2641;0,62;Am 24.08.2019 gegen 18:35 Uhr entgleisten drei Wagen des Güterzuges DGS 68754 auf der Fahrt von Köln-Kalk Nord nach Köln-Niehl Hafen, in km 0,62, zwischen den Betriebsstellen Köln Bonntor und Köln Süd.
06.09.2019;Unkel ;Fahrzeugbrand;;107;Am 06.02.2019 gegen 23:00 Uhr ereignete sich bei Güterzug DGS 59970 auf der Fahrt von Gunzenhausen nach Langenfeld im Bahnhof (Bf) Unkel ein Fahrzeugbrand. Der DGS 59970 wurde durch den Fahrdienstleiter (Fdl) Oberlahnstein am Einfahrsignal (Esig) des Bf Unkel gestellt und zur Überprüfung in das Gleis 2 des Bf Unkel eingelassen. Nach Halt des Zuges entstand in kürzester Zeit ein Brand an einem Güterwagen.
11.06.2013;Schkeuditz ;Zugentgleisung;;105,4;Am 11.06.2013 gegen 07:22 Uhr entgleiste der Reisezug RB-D 26225 auf der Fahrt von Lutherstadt Wittenberg nach Halle (Saale) Hauptbahnhof (Hbf) im Bahnhof (Bf) Schkeuditz im Gleis 3101 hinter der Weiche 31W10.
28.10.2015;Bonn Gbf;Zugkollision;;;Am 28.10.2015 gegen 05:26 Uhr kollidierte der Reisezug DPN 25409 auf der Fahrt von Köln-Deutzerfeld nach Koblenz Hbf bei der Einfahrt in den Bahnhof (Bf) Bonn Hbf, Bahnhofsteil (B??) Bonn Gbf, nach Gleis 205 mit einem aus Gleis 126 kommenden Zweiwegebagger.
24.04.2015;Ruhland ;Vorbeifahrt eines Zuges am Haltbegriff;;98,8;Am 24.04.2015 gegen 22:45 Uhr fuhr der Zug DGS 95312 auf der Fahrt von Straßgräbchen-Bernsdorf (Oberlausitz) nach Consrade unzulässig am Halt zeigenden Ausfahrsignal (Asig) F5 des Bahnhofs (Bf) Ruhland vorbei und gefährdete dadurch die Zugfahrt Bauz 63009. Beide Züge wurden durch Nothaltau??rag gestellt und kamen ca. 25 m voneinander en??ernt zum Halten.
08.09.2015;Angern-Rogätz;Zugentgleisung;;;Am 08.09.2015 gegen 23:47 Uhr entgleiste die Zugfahrt RB 17842 von Magdeburg Hauptbahnhof (Hbf) nach Stendal. Beim Vorziehen des Zuges von Gleis 1 nach Gleis 3 im Bahnhof (Bf) Angern?Rogätz fuhr dieser auf der Weiche S3 mit den beiden Radsätzen des zweiten Drehgestells der Triebzugeinheit zweigleisig und entgleiste anschließend.
26.04.2015;Ruhland ;Zugentgleisung;6207;98,9;Am 26.04.2015 gegen 18:02 Uhr entgleiste die Zugfahrt S 37461 auf der Fahrt von Hoyers-werda nach Geithain während der Ausfahrt aus dem Bahnhof (Bf) Ruhland auf der doppelten Kreuzungsweiche (DKW) 17 mit einem Drehgestell der zweiten Triebzugeinheit
13.11.2014;Düsseldorf Flughafen Terminal;Zugkollision;;1,3;Am 13.11.2014 kollidierte gegen 04:18 Uhr der Personenzug S 30601, auf der Fahrt von Köln Hbf nach Düsseldorf Flughafen Terminal, im Bahnhof (Bf) Düsseldorf Flughafen Terminal mit einem im Lichtraum des Einfahrgleises 882 stehenden Kleinwagenanhänger (Kla).
07.11.2015;Jübek - Flensburg Weiche;Bahnübergangsunfall;1040;162;Am 07.11.2015 gegen 17:55 Uhr prallte der KT 40549 auf dem Weg von Padborg nach Neumünster zwischen den Betriebsstellen Flensburg Weiche und Jübek am Bahnübergang (BÜ) in km 162,0 mit zwei PKW zusammen.
15.06.2017;Gaildorf West – Schwäbisch Hall?Hessental;Zugentgleisung;4930;53,409;Am 15.06.2017 entgleiste gegen 16:33 Uhr ein Wagen des Güterzuges EZ 51894 der DB Cargo AG zwischen den Betriebsstellen Gaildorf West und Schwäbisch Hall?Hessental in km 53,409.
06.02.2017;München?Riem Ubf;Zugentgleisung;5600;7,48;Am 06.02.2017 gegen 21:15 Uhr entgleiste der Güterzug KT 62902 auf der Fahrt von München Riem Ubf nach Hamburg-Billwerder Ubf beim Anfahren im Gleis 81 des Bahnhofsteils (Bf) München-Riem Ubf mit dem nachlaufenden Drehgestell des dritten Doppel-Taschenwagens in Fahrtrichtung rechts.
23.08.2011;Belzig - Wiesenburg (Mark);Zugentgleisung;6118;65,6;Am 23.08.2011 um ca. 10:29 Uhr entgleiste der letzte Wagen des Güterzuges FIR 51474 auf der Fahrt vom Bahnhof (Bf) Seddin zum Bf Seelze bei der Ausfahrt aus dem Bf Belzig im Kilometer (km) 65,6. Der Wagen gleiste sich selbs?ä?g am Bahnübergang (BÜ) in km 70,4 wieder ein. Schließlich wurde der Zug in Magdeburg Hauptbahnhof gestellt.
06.05.2015;Willroth - Siegburg/Bonn;Zugkollision;2690;30,66;Am 06.05.2015 gegen 11:09 Uhr kollidierte der ICE 728 des Eisenbahnverkehrsunternehmens (EVU) DB Fernverkehr AG, auf dem Weg von Nürnberg Hbf nach Dortmund Hbf, mit Bruchstücken der Schallabsorber der festen Fahrbahn.
01.06.2018;Bitburg-Erdorf - Kyllburg;Zugkollision;2631;128,267;Am 01.06.2018 gegen 05:13 Uhr entgleiste der Zug RB?G 11301 auf der Strecke 2631 zwischen den Bahnhöfen (Bf) Kyllburg und Bitburg?Erdorf nach der Kollision mit einem Murgang am Südportal des Wilsecker Tunnels in km 128,267.
18.02.2015;Jossa - Burgsinn;Unzulässige Einfahrt in einen besetzten Gleisabschnitt;3825;38,59;Am 18.02.2015 erhielt der Personenzug RB 58043 des Eisenbahnverkehrsunternehmens (EVU) DB Regio AG gegen 13:00 Uhr vom Fahrdienstleiter (Fdl) Jossa die Zustmmung in den Zugfolgeabschnitt 941 einzufahren, obwohl dieser noch durch den Güterzug DGS 69235 des EVU boxXpress.de GmbH besetzt war.
01.10.2018;Duisburg-Wedau;Zugentgleisung;;4;Am 01.10.2018 gegen 16:35 Uhr entgleiste auf dem Weg von Duisburg?Wedau nach Kinkempois (Belgien) der Güterzug DGS 48502 des Eisenbahnverkehrsunternehmens Lineas N. V. (Belgien) im Bahnhof (Bf) Duisburg?Wedau auf der Weiche 05W12 mit dem Triebfahrzeug (Tfz) und den ersten vier Wagen. Die Eisenbahninfrastruktur wird durch die DB Netz AG betrieben.
09.07.2020;Hausach - Haslach;Fahrzeugbrand;4250;30,5;Am 09.07.2020 sollte der TVT 711 112-3 als NbZ 19964 gemäß besonderer Fahrplananordnung (Fplo) von Villingen (Schwarzw) über Offenburg nach Freiburg (Breisgau) fahren. Der TVT war mit einem Tf und einem Triebfahrzeugbegleiter besetzt. Die Zugfahrt diente der Erlangung von Streckenkunde und Fahrzeugkenntnissen für den Triebfahrzeugbegleiter.
03.03.2015;Enzisweiler;Unzulässige Einfahrt in einen besetzten Gleisabschnitt;;20,9;Am 03.03.2015 gegen 09:09 Uhr fuhr der Personenzug IRE 4226 der DB ZugBus Regionalverkehr Alb-Bodensee GmbH (RAB) in das noch durch den Personenzug RE 3245 der RAB besetzte Gleis 2 des Bahnhofs (Bf) Enzisweiler ein und kam etwa 20 m vor diesem zum Stillstand.
22.11.2019;München Hbf;Zugentgleisung;;;Am 22.11.2019 gegen 16:10 Uhr entgleiste der Personenzug DPE 79497 auf der Fahrt von München Hbf nach Kufstein bei der Fahrt aus dem Bahnhof (Bf) München Hbf auf der Weiche (W) 101 mit dem nachlaufenden Drehgestell des vorletzten Wagens und den beiden Drehge- stellen des letzten Wagens in Fahrtrichtung nach rechts.
23.04.2014;Gröbers;Zugentgleisung;;;Am 23.04.2014 gegen 18:10 Uhr entgleiste die Zugfahrt EZ 51521 des Eisenbahnverkehrsunternehmens DB Schenker Rail AG auf der Fahrt von Seelze Rbf nach Leipzig-Engelsdorf im Bahnhof (Bf) Gröbers auf der Weiche 81W22.
05.05.2017;Worms Hbf – Hofheim (Ried);Zugentgleisung;3570;1,738;Am 05.05.2017 gegen 20:35 Uhr entgleiste ein Wagen des Güterzugs GA 52789 auf dem Weg von Einsiedlerhof nach Eisenach Gbf zwischen den Bahnhöfen (Bf) Worms und Hofheim (Ried) in km 1,738.
20.10.2014;Eisenach;Zugentgleisung;;164,8;Am 20.10.2014 entgleiste gegen 19:16 Uhr die Zugfahrt RB 16335 des Eisenbahnverkehrsunternehmens DB Regio AG auf der Fahrt von Eisenach nach Halle (Saale) Hauptbahnhof im Bahnhof (Bf) Eisenach bei der Ausfahrt aus Gleis 403.
30.08.2020;Niederlahnstein;Zugentgleisung;3710/3507;99,45/124,1;Am 30.08.2020 gegen 18:35 Uhr entgleiste der mit Dieselkraftstoff beladene Kesselwagenzug DGS 49077 auf der Fahrt von Rotterdam nach Basel im Bahnhof Niederlahnstein in der Weichenverbindung W 35 – W 18.
26.01.2014;Bitterfeld – Wolfen;Zugentgleisung;6411;45,1;Am 26.01.2014 gegen 14:24 Uhr entgleiste GA 49382 (Autotransportzug) auf der Fahrt von D??in východ nach Gelsenkirchen-Bismarck zwischen den Betriebsstellen Bahnhof (Bf) Bitterfeld und Bf Wolfen in km 45,1. Da die Zugentgleisung zunächst nicht bemerkt wurde, legte der Zug nach der Entgleisung noch eine Strecke von ca. 2.000 m zurück und kam etwa in km 43,1 zum Halten.
11.11.2015;Treben-Lehma;Zugentgleisung;;;Am 11.11.2015 gegen 23:40 Uhr entgleiste die Zugfahrt GA 52805 des Eisenbahnverkehrsunternehmens DB Schenker Rail auf der Fahrt von Bahnhof (Bf) Braunschweig Rbf nach Bf Mosel in der Überleitstelle (Üst) Treben-Lehma in der Weiche 20 mit zwei Wagen.
02.04.2019;Birkenwerder ;Zugentgleisung;;;Am 02.04.2019 gegen 19:26 Uhr entgleiste die Zugfahrt RB 18479 des Eisenbahnverkehrsunternehmens DB Regio AG auf der Fahrt von Oranienburg nach Potsdam Hauptbahnhof bei der Einfahrt in den Bahnhof (Bf) Birkenwerder (b. Berlin) in der Weiche 28 mit allen Radsätzen des vorderen Drehgestells
12.04.2019;Joachimsthal;Zugentgleisung;;;Am 12.04.2019 gegen 08:38 Uhr entgleiste der Reisezug DPN 61357 des Eisenbahnverkehrsunternehmens Niederbarnimer Eisenbahn Betriebsgesellschaft mbH auf der Fahrt von Eberswalde nach Templin im Bahnhof (Bf) Joachimsthal auf der Weiche 1.
19.10.2019;Berlin Zoologischer Garten - Berlin Hbf;Fahrzeugbrand;6109;7,1;Am 19.10.2019 gegen 20:04 Uhr ereignete sich im Reisezug DPE 86363 (Fußballsonderzug) auf der Fahrt von Berlin-Charlottenburg nach Freiburg im Breisgau zwischen Berlin Zoologischer Garten und Berlin Hauptbahnhof (Hbf) ein Fahrzeugbrand.
08.11.2016;Blumenberg;Zugentgleisung;;;Am 08.11.2016 gegen 13:30 Uhr entgleiste der Reisezug DPN 80146 auf der Fahrt von Magdeburg Hauptbahnhof nach Thale/Goslar bei der Einfahrt in den Bahnhof (Bf) Blumenberg auf der Weiche 8 mit den beiden Radsätzen des hinteren Drehgestells der führenden Triebwageneinheit.
06.01.2017;Mellenbach-Glasbach;Zugentgleisung;;;Am 06.01.2017 gegen 06:38 Uhr entgleiste der Reisezug RB 29870 des Eisenbahnverkehrsunternehmens DB RegioNetz Verkehrs GmbH Oberweißbacher Berg- und Schwarzatalbahn (OBS) auf der Fahrt von Katzhütte nach Rottenbach bei der Einfahrt in den Bahnhof (Bf) Mellenbach-Glasbach in der von der Spitze her befahrenen Rückfallweiche W 2 mit einem Drehgestell. 
15.11.2017;Elmshorn;Zugentgleisung;;30,7;Am 15.11.2017 gegen 07:09 Uhr entgleiste der Personenzug RE 11004 des Eisenbahnverkehrsunternehmens DB Regio AG auf der Fahrt von Hamburg-Altona nach Westerland (Sylt) bei der Ausfahrt aus Gleis 101 des Bahnhofs (Bf) Elmshorn in der Weichenverbindung W113/W114 mit acht Achsen.
28.11.2015;Bremerhaven Seehafen;Zugkollision;;1963,6;Am 28.11.2015 gegen 02:07 Uhr kollidierte der Güterzug GA 52828 auf dem Weg von Bremerhaven nach Fallersleben im Bahnhofsteil (Bft) Bremerhaven-Speckenbüttel des Bahnhofs (Bf) Bremerhaven Seehafen mit einer Rangierfahrt im Gleis 282. Die aus einem Gleisarbeitsfahrzeug (GAF) und einem Gleiskraftwagenanhänger gebildete geschobene Rangierfahrt fuhr auf den Zugschluss des anfahrenden GA 52828 auf.
05.12.2017;Weißenberg (Abzw) – Meerbusch-Osterath;Zugkollision;2610;41,93;Am 05.12.2017 gegen 19:27 Uhr kollidierte der Personenzug DPN 32547, auf der Fahrt von Rheine nach Krefeld Hbf, zwischen der Abzweigstelle (Abzw) Weißenberg und dem Bahnhof Meerbusch-Osterath mit dem Güterzug GM 48714.
22.03.2017;Frankfurt (Oder) Oderbrücke;Zugentgleisung;6155;2,3;Am 22.03.2017 gegen 08:59 Uhr entgleiste der Güterzug DGS 49691 des Eisenbahnverkehrsunternehmens (EVU) DeltaRail GmbH auf der Fahrt von Frankfurt (Oder) Containerterminal nach Frankfurt (Oder) Grenze bei der Einfahrt in Gleis 101 des Bahnhofs (Bf) Frankfurt (Oder) Oderbrücke mit dem ersten Drehgestell des letzten Wagens in der Verbindung zwischen den Weichen 115 und 116.
18.12.2019;Leipzig-Engelsdorf;Zugkollision;;17,72;Am 18.12.2019 gegen 00:30 Uhr kollidierten der Güterzug DGS 42722 des Eisenbahnverkehrsunternehmens (EVU) Captrain Deutschland CargoWest GmbH auf der Fahrt von Dresden-Friedrichstadt nach Gütersloh Hbf und die S-Bahn S 37395 des EVU DB Regio AG auf der Fahrt von Leipzig Hauptbahnhof nach Oschatz etwa in km 14,72 des Bahnhofs (Bf) Leipzig-Engelsdorf.
19.05.2016;Wunstorf - Haste;Zugkollision;1700;24,954;Am 19.05.2016 kollidierten gegen 14:51 Uhr der ICE 548, auf dem Weg von Berlin-Gesundbrunnen nach Düsseldorf Hbf, und gegen 15:20 Uhr der ICE 549, auf dem Weg von Düsseldorf Hbf nach Berlin-Gesundbrunnen, im Streckengleis Wunstorf - Haste mit einem Ausbruch an der Flügelschiene eines Versuchsherzstücks im km 24,954.
06.04.2017;Blankenberg (Sieg);Störung am Fahrzeug;2651;38,7;Am 06.04.2017 gegen 14:43 Uhr ereignete sich auf der Fahrt von Au (Sieg) nach Horrem im Bahnhof (Bf) Blankenberg (Sieg) eine technische Störung am Zug S 33211 des Eisenbahnverkehrsunternehmens DB Regio AG Region NRW.
05.06.2014;Herne;Zugentgleisung;2650;99;Am 05.06.2014 gegen 19:20 Uhr entgleiste die S-Bahn S 30294 des Eisenbahnverkehrsunternehmens (EVU) DB Regio AG auf der Fahrt von Dortmund Hbf nach Recklinghausen Hbf bei der Einfahrt nach Gleis 7 des Bahnhofs (Bf) Herne in der Doppelkreuzungsweiche (DKW) 77 mit zwei Drehgestellen.
04.02.2020;Bremen-Neustadt;Zugentgleisung;;42,38;Am 04.02.2020 gegen 11:42 Uhr entgleiste der Güterzug GM 60856 auf der Fahrt von Oberhausen West nach Wilhelmshaven Ölweiche im Bahnhof (Bf) Bremen-Neustadt mit 10 Wagen.
09.06.2021;Demmin;Zugentgleisung;;;Am 09.06.2021 gegen 12:17 Uhr entgleiste der Güterzug DGS 95370 auf der Fahrt von Stendell nach Pirna im Bahnhof (Bf) Demmin beim Befahren der Weiche W 39 mit den beiden Radsätzen am hinteren Drehgestell des letzten Wagens.
23.10.2015;Hamm (Westf) Rbf;Zugentgleisung;;;Am 23.10.2015 gegen 02:37 Uhr entgleiste der Güterzug DGS 75828 auf der Fahrt von Rheinhausen Pbf nach Pirna Gbf im Bahnhof (Bf) Hamm (Westf) Rbf in der Weiche 135 mit den an 9., 10. und 11. Stelle laufenden Wagen.
04.08.2015;Ravensburg – Friedrichshafen Stadt;Bahnübergangsunfall;4500;190,97;Am 04.08.2015 gegen 15:37 Uhr prallte DPN 87581 des Eisenbahnverkehrsunternehmens (EVU) Bodensee-Oberschwaben-Bahn (BOB), auf dem Weg von Ulm Hbf nach Friedrichshafen Stadt, mit einem Sattelzug zusammen.
21.10.2016;Oberkochen – Königsbronn;Bahnübergangsunfall;4760;11,2;Am 21.10.2016 gegen 09:16 Uhr prallte IRE 3225 auf dem Weg von Aalen nach Ulm Hbf auf dem Bahnübergang (BÜ) km 11,2 mit einem Lastkraftwagen (Lkw) zusammen.
30.06.2015;Mannheim Hbf – Ludwigshafen Hbf;Zugentgleisung;3401;107,128;Am 30.06.2015 gegen 12:25 Uhr entgleiste am Güterzug DGS 44676 des Eisenbahnverkehrsunternehmens (EVU) SBB Cargo Deutschland GmbH der an Position 24 laufende Wagen mit dem führenden Drehgestell (DG) bei der Fahrt von Mannheim Hbf nach Ludwigshafen (Rhein) Hbf.
24.06.2018;Oberhausen West;Zugkollision;;;Am 24.06.2018 gegen 12:58 Uhr kollidierte der Güterzug GM 41590, auf der Fahrt von Oberhausen West nach Amsterdam Westhaven, bei der Ausfahrt aus dem Bahn-hof (Bf) Oberhausen West mit einem Hemmschuh.
15.02.2019;Augsburg Hbf;Zugkollision;;0,7;An 15.02.2019 gegen 01:32 Uhr kollidierte der Güterzug DGS 44506 auf der Fahrt von Augsburg Rbf Nord nach Antwerpen-Noord im Bahnhofsteil (Bft) Augsburg Rbf Nord mit einem Hemmschuh.
06.01.2016;Biesdorfer Kreuz Ost – Berlin-Kaulsdorf;Fahrzeugbrand;6078;9,6;Am 06.01.2016 um 20:00 Uhr entstand bei Zug DPN 5179 auf der Fahrt von Berlin-Lichtenberg nach Kostrzyn (Küstrin) Osop zwischen Abzweigstelle (Abzw) Biesdorfer Kreuz Ost und Bahnhof (Bf) Berlin-Kaulsdorf in km 9,6 ein Brand. Dieser hatte seinen Ursprung im hinteren Teil des eingesetzten Triebzuges.
23.01.2020;Hamburg-Altona;Zugkollision;;;Am 23.01.2020 gegen 14:28 Uhr kollidierten die Zugspitze des abgestellten Zugverbandes des ehemaligen InterCityExpress (ICE)-A 929, zum Ereigniszeitpunkt ohne Zugnummer und Fahrplan, und die Leerfahrt LPFT-T 27893, auf der Fahrt in die Abstellung nach Hamburg-Langenfelde Betriebsbahnhof (Bbf), im Bereich der Weiche 11 des Bahnhofs (Bf) Hamburg-Altona.
19.05.2022;Hp Altheim (Hess) – Bf Dieburg;Zugkollision;3557;56,7;Am 19.05.2022 wurde um 02:52 Uhr die Zugnummer (ZN) des sich zwischen Babenhausen und Dieburg befindlichen DGS 46192 nach einer Fahrstraßenrücknahme automatisch mit der ZN des nachfolgenden DGS 42174 überschrieben. In der Folge fuhr der DGS 46192 zunächst ohne ZN, im weiteren Verlauf dann mit der falschen ZN des DGS 42174 weiter in Richtung Darmstadt. Der DGS 42174 verblieb unerkannt auf der Strecke und kam zwischen dem Haltepunkt (Hp) Altheim (Hess) und dem Bahnhof (Bf) Dieburg zum Halten. Der Fahrdienstleiter (Fdl) Dieburg stellte schließlich die Grundstellung für den noch durch DGS 42174 unerkannt belegten Blockabschnitt her. In der Folge befuhr der nachfolgende GAG 60101 den Blockabschnitt auf Signalstellung und kollidierte gegen 04:04 Uhr mit dem stehenden DGS 42174.
27.04.2018;München-Riem;Zugkollision;;7,3;Am 27.04.2018 gegen 23:50 Uhr kollidierte der Güterzug DGS 69150 auf der Fahrt von München-Riem Ubf nach Weddewarder Tief im Bahnhof (Bf) München-Riem mit einem Hemmschuh. Dieser wurde mitgeschleift, wodurch es im Verlauf der weiteren Zugfahrt zu einer Entgleisung kam.
22.01.2020;Griesen (Oberbay);Störung durch betriebliche Fehlhandlung;5452;13,6;Am 22.01.2020 gegen 16:46 Uhr kam der als Regionalbahn (RB) verkehrende Personenzug RB 5522 auf der Fahrt von Garmisch-Partenkirchen nach Reutte in Tirol bei der Ausfahrt aus dem Bahnhof (Bf) Griesen (Oberbay) in km 13,6 der Strecke 5452 nach Einleitung einer Schnellbremsung etwa 20 m vor dem am Einfahrsignal (Esig) F stehenden Zug RB 5523 (Reutte in Tirol - München Hbf) zum Halten.
05.09.2020;Köln Eifeltor;Zugentgleisung;;;Am 05.09.2020 gegen 01:25 Uhr entgleiste der Güterzug GS 60711 auf der Fahrt von Oberhausen West nach Andernach bei der Fahrt durch den Bahnhof (Bf) Köln Eifeltor mit dem 23. Wagen in der Weiche 12.
31.03.2021;Fallersleben;Zugkollision;;;Am 31.03.2021 gegen 18:00 Uhr kollidierte der Güterzug EZK 53810 auf der Fahrt von Braunschweig Rangierbahnhof (Rbf) nach Fallersleben im Bahnhof (Bf) Fallersleben mit einer Rangierfahrt.
23.02.2022;Rüsselsheim;Zugentgleisung;;;Am 23.02.2022 entgleiste gegen 21:45 Uhr die Zugfahrt S 35968 auf der Fahrt von Hanau Hbf nach Wiesbaden Hbf im Bahnhof (Bf) Rüsselsheim auf der Weiche (W) 74 mit den letzten beiden Drehgestellen.
24.09.2020;Bietigheim-Bissingen;Zugentgleisung;;23,26;Am 24.09.2020 gegen 18:40 Uhr entgleiste der mit Salz beladene Güterzug GC 68327 auf der Fahrt von Heilbronn nach Kastl (Oberbayern) bei der Ausfahrt aus Gleis 8 des Bahnhofs (Bf) Bietigheim-Bissingen. Zuvor verlor der achte Wagen des Zuges während der Fahrt mehrmals einseitig Ladegut.
20.05.2020;Wengern Ost;Zugentgleisung;;67,54;Am 20.05.2020 gegen 16:46 Uhr entgleiste der Güterzug DGS 43982 auf der Fahrt von Passau nach Bochum-Langendreer im Bahnhof (Bf) Wengern Ost mit dem vierten Wagen in km 67,54.
19.10.2021;Flandersbach;Zugkollision;;12,12;Am 19.10.2021 gegen 06:42 Uhr kollidierte der Güterzug GAG 68432, auf der Fahrt von Oberhausen West nach Flandersbach, mit einer entlaufenen Fahrzeuggruppe, bestehend aus einem Eisenbahnkran und zwei Schutzwagen, auf der Weiche 01W3 des Bahnhofs (Bf) Flandersbach.
16.02.2020;Würzburg Hbf;Zugkollision;;;Am 16.02.2020 gegen 22:02 Uhr kollidierte eine Rangierfahrt (Rf) nach einem Fahrtrichtungs¬wechsel mit dem Güterzug DGS 48959 (Gelsenkirchen-Bismarck – Linz Verschiebebahnhof) auf der Weiche W377 des Bahnhofs (Bf) Würzburg Hbf.
23.05.2020;München Nord Rbf;Zugkollision;;16;Am 23.05.2020 gegen 22:19 Uhr kollidierte der Güterzug DGS 50214 auf der Fahrt von München Ost Rbf nach Meimersdorf im Rangierbahnhof (Rbf) München Nord Rbf im Bereich der nördlichen Umfahrung der Richtungsgruppe auf dem nicht öffentlichen, innerbetrieblichen Gleisübergang (GÜ) 6 bei km 16,0 mit einem in Fahrtrichtung von links querenden Lastkraftwagen (Lkw) mit Muldenkipperaufbau.
17.11.2022;Meinersen - Leiferde (b Gifhorn);Zugkollision;6107;208,92;Am 17.11.2022 gegen 03:26 Uhr kollidierte der Güterzug DGS 42593 auf der Fahrt von Antwerpen-Noord (Belgien) nach Köthen Mitte zwischen dem Bahnhof (Bf) Meinersen und dem Haltepunkt (Hp) Leiferde (b Gifhorn) mit dem vor dem LZB-Block 86 stehenden Güterzug DGS 90977.
04.05.2023;Hürth-Kalscheuren – Brühl ;Personenunfall;2630;10,4;Am 04.05.2023 gegen 11:03 Uhr ereignete sich mit dem Zug IC 2005 auf der Fahrt von Emden Hbf nach Koblenz Hbf zwischen den Betriebsstellen Bf Hürth-Kalscheuren und Bf Brühl in km 10,4 ein Personenunfall am bewegten Eisenbahnfahrzeug.
15.11.2023;Lauenbrück;Zugkollision;2200;;Am 15.11.2023 gegen 16:18 Uhr kollidierte der ICE 615 auf der Fahrt von Hamburg-Altona Pbf nach München Hbf auf der Weiche 229 im Bf Lauenbrück mit dem Zug DbZ 24259.
10.02.2024;Bruchköbel - Nidderau;Störung;3742;21,62;Am 10.02.2024 stimmte der Fahrdienstleiter (Fdl) Bruchköbel mit Ersatzsignal der Einfahrt des ICE 1672 in den Blockabschnitt 492 zwischen den Bahnhöfen (Bf) Bruchköbel und Nidderau zu, obwohl dieser noch durch den DGS 48508 besetzt war
03.06.2022;Garmisch-Partenkirchen – Farchant;Zugentgleisung;5504;97,676;Am 03.06.2022 gegen 12:16 Uhr entgleiste der Personenzug RB-D 59458 auf der Fahrt von Garmisch-Partenkirchen nach München Hbf zwischen den Bahnhöfen (Bf) Garmisch-Partenkirchen und Farchant in km 97,676.
22.07.2024;Eberbach;Personenunfall;;21,1;Am 22.07.2024 um 20:14 Uhr erfasste der EZ 51978 bei der Durchfahrt durch Gleis 3 im Bahnhof (Bf) Eberbach an dem durch eine elektrische Schiebeschranke gesicherten höhengleichen Reisendenübergang (RÜ) ein Kind auf einem Fahrrad.
07.09.2022;Seelze Ost;Zugkollision;;8,4;Am 07.09.2022 gegen 14:34 Uhr kollidierte der Güterzug DGV 92947 auf der Fahrt von Hausach nach Padborg im Gleis 815 im Bft Seelze Ost des Bf Seelze mit abgestellten Güterwagen des Güterzuges EZ 51593.
06.12.2022;Saarbrücken Rbf;Zugentgleisung;;;Am 06.12.2022 gegen 13:45 Uhr entgleiste der Güterzug KT 41229 auf der Fahrt von Forbach (Frankreich) nach Saarbrücken Rangierbahnhof (Rbf) bei der Einfahrt nach Gleis 125 in den Bahnhof (Bf) Saarbrücken Rbf Gruppe Nord auf der Weiche W62 mit sechs Wagen.
16.10.2020;Dreileben-Drackenstedt;Zugkollision;;161,93;Am 16.10.2020 gegen 10:12 Uhr kollidierte die Zugfahrt DbZ 79653 auf der Fahrt von Salzgitter-Immendorf West nach Blankenburg (Harz) im Bahnhof (Bf) Dreileben-Drackenstedt mit einem Gleisabschluss. Das Triebfahrzeug (Tfz) des Zuges entgleiste infolge der Kollision mit allen vier Radsätzen. Der vordere Teil des geschleppten mehrteiligen Triebzuges (Tz) des Typs „Coradia Stream“ in der Ausführung InterCity Nieuwe Generatie (ICNG) entgleiste mit sechs Radsätzen.
22.11.2024;Dorsfeld;Zugkollision;;25,8;Am 22.11.2024 gegen 01:06 Uhr kollidierte der Güterzug DGS 42506 auf der Fahrt von Germersheim nach Antwerpen-Zuid (Belgien) in km 25,8 in Gleis 2 des Bahnhofs (Bf) Dorsfeld mit einem Bauzug.
14.02.2022;Ebenhausen-Schäftlarn;Zugkollision;;17,76;Am 14.02.2022 gegen 16:35 Uhr kollidierte der Personenzug S 6785 auf der Fahrt von Wolfratshausen nach Aying bei der Ausfahrt aus dem Bahnhof (Bf) Ebenhausen-Schäftlarn mit dem in km 17,76 stehenden Personenzug S 6776.
07.03.2024;Mannheim Rbf;Zugkollision;;4,171;Am 07.03.2024 gegen 09:21 Uhr fuhr DGS 43373 bei der Einfahrt in den Bahnhof (Bf) Mannheim Rbf ohne Zustimmung am Halt zeigenden Lichtsperrsignal (Ls) 602II in der Einfahrgruppe K vorbei. Anschließend kollidierte die Zugfahrt auf dem Ablaufberg A mit der dort stehenden Rangierlok A2.
31.10.2024;Ludwigshafen?Oggersheim;Zugentgleisung;;;Am 31.10.2024 gegen 22:46 Uhr stimmte die Fahrdienstleiterin (Fdl-in) des Bahnhofs (Bf) Ludwigshafen-Oggersheim der Einfahrt des EZK 55240 mit einem schriftlichen Befehl zu, obwohl sich die Weichen W7 und W9 nicht in der erforderlichen Endlage befanden und als gestört angezeigt wurden. Der EZK 55240 entgleiste anschließend in der Weiche W7.
